a,mgra,parkarea
1,1,4
2,2,1
3,3,4
4,4,4
5,5,4
6,6,4
7,7,4
8,8,4
9,9,4
10,10,4
11,11,4
12,12,4
13,13,4
14,14,4
15,15,4
16,16,4
17,17,4
18,18,4
19,19,4
20,20,4
21,21,4
22,22,4
23,23,4
24,24,4
25,25,4
26,26,4
27,27,1
28,28,1
29,29,1
30,30,1
31,31,1
32,32,1
33,33,1
34,34,1
35,35,1
36,36,1
37,37,1
38,38,1
39,39,1
40,40,4
41,41,4
42,42,4
43,43,4
44,44,4
45,45,4
46,46,4
47,47,4
48,48,4
49,49,4
50,50,4
51,51,4
52,52,4
53,53,4
54,54,4
55,55,4
56,56,4
57,57,4
58,58,4
59,59,4
60,60,4
61,61,4
62,62,4
63,63,4
64,64,4
65,65,4
66,66,4
67,67,4
68,68,4
69,69,4
70,70,4
71,71,4
72,72,4
73,73,4
74,74,4
75,75,4
76,76,4
77,77,4
78,78,4
79,79,4
80,80,1
81,81,4
82,82,4
83,83,4
84,84,4
85,85,4
86,86,4
87,87,4
88,88,4
89,89,4
90,90,4
91,91,4
92,92,4
93,93,4
94,94,4
95,95,4
96,96,4
97,97,4
98,98,4
99,99,4
100,100,4
101,101,4
102,102,4
103,103,4
104,104,4
105,105,4
106,106,4
107,107,4
108,108,4
109,109,4
110,110,4
111,111,4
112,112,4
113,113,4
114,114,4
115,115,4
116,116,4
117,117,4
118,118,4
119,119,4
120,120,4
121,121,4
122,122,4
123,123,4
124,124,4
125,125,4
126,126,4
127,127,4
128,128,4
129,129,4
130,130,4
131,131,4
132,132,4
133,133,4
134,134,4
135,135,4
136,136,4
137,137,4
138,138,4
139,139,4
140,140,4
141,141,4
142,142,4
143,143,4
144,144,4
145,145,4
146,146,4
147,147,4
148,148,4
149,149,4
150,150,4
151,151,4
152,152,4
153,153,4
154,154,4
155,155,4
156,156,4
157,157,4
158,158,4
159,159,4
160,160,4
161,161,4
162,162,4
163,163,4
164,164,4
165,165,4
166,166,4
167,167,4
168,168,4
169,169,4
170,170,4
171,171,4
172,172,4
173,173,4
174,174,4
175,175,4
176,176,4
177,177,4
178,178,4
179,179,4
180,180,4
181,181,4
182,182,4
183,183,4
184,184,4
185,185,4
186,186,4
187,187,4
188,188,4
189,189,4
190,190,4
191,191,4
192,192,4
193,193,4
194,194,4
195,195,4
196,196,4
197,197,4
198,198,4
199,199,4
200,200,4
201,201,4
202,202,4
203,203,4
204,204,4
205,205,4
206,206,4
207,207,4
208,208,4
209,209,4
210,210,4
211,211,4
212,212,4
213,213,4
214,214,4
215,215,4
216,216,4
217,217,4
218,218,4
219,219,4
220,220,4
221,221,4
222,222,4
223,223,4
224,224,4
225,225,4
226,226,4
227,227,4
228,228,4
229,229,4
230,230,4
231,231,4
232,232,4
233,233,4
234,234,4
235,235,4
236,236,4
237,237,4
238,238,4
239,239,4
240,240,4
241,241,4
242,242,4
243,243,4
244,244,4
245,245,4
246,246,4
247,247,4
248,248,4
249,249,4
250,250,4
251,251,4
252,252,4
253,253,4
254,254,4
255,255,4
256,256,4
257,257,4
258,258,4
259,259,4
260,260,4
261,261,4
262,262,4
263,263,4
264,264,4
265,265,4
266,266,4
267,267,4
268,268,4
269,269,4
270,270,4
271,271,4
272,272,4
273,273,4
274,274,4
275,275,4
276,276,4
277,277,4
278,278,4
279,279,4
280,280,4
281,281,4
282,282,4
283,283,4
284,284,4
285,285,4
286,286,1
287,287,1
288,288,1
289,289,4
290,290,1
291,291,1
292,292,4
293,293,4
294,294,4
295,295,4
296,296,4
297,297,4
298,298,4
299,299,4
300,300,4
301,301,4
302,302,4
303,303,4
304,304,4
305,305,4
306,306,4
307,307,4
308,308,4
309,309,4
310,310,4
311,311,4
312,312,4
313,313,4
314,314,4
315,315,4
316,316,4
317,317,4
318,318,4
319,319,4
320,320,1
321,321,1
322,322,4
323,323,4
324,324,4
325,325,4
326,326,4
327,327,4
328,328,1
329,329,1
330,330,1
331,331,1
332,332,1
333,333,1
334,334,1
335,335,1
336,336,4
337,337,4
338,338,4
339,339,4
340,340,1
341,341,4
342,342,4
343,343,1
344,344,1
345,345,1
346,346,1
347,347,1
348,348,1
349,349,1
350,350,1
351,351,1
352,352,1
353,353,1
354,354,1
355,355,1
356,356,1
357,357,4
358,358,4
359,359,4
360,360,4
361,361,4
362,362,4
363,363,4
364,364,4
365,365,4
366,366,1
367,367,4
368,368,4
369,369,4
370,370,4
371,371,4
372,372,4
373,373,4
374,374,4
375,375,4
376,376,4
377,377,1
378,378,4
379,379,4
380,380,4
381,381,4
382,382,4
383,383,4
384,384,1
385,385,1
386,386,1
387,387,1
388,388,1
389,389,1
390,390,1
391,391,1
392,392,1
393,393,1
394,394,1
395,395,1
396,396,1
397,397,1
398,398,1
399,399,1
400,400,4
401,401,4
402,402,4
403,403,4
404,404,4
405,405,4
406,406,4
407,407,1
408,408,1
409,409,1
410,410,1
411,411,1
412,412,4
413,413,4
414,414,4
415,415,1
416,416,1
417,417,1
418,418,4
419,419,4
420,420,4
421,421,4
422,422,4
423,423,4
424,424,4
425,425,4
426,426,4
427,427,4
428,428,4
429,429,4
430,430,4
431,431,4
432,432,4
433,433,4
434,434,4
435,435,4
436,436,4
437,437,4
438,438,4
439,439,4
440,440,4
441,441,4
442,442,4
443,443,4
444,444,4
445,445,4
446,446,4
447,447,4
448,448,4
449,449,4
450,450,4
451,451,4
452,452,4
453,453,4
454,454,4
455,455,4
456,456,1
457,457,1
458,458,4
459,459,4
460,460,4
461,461,4
462,462,4
463,463,4
464,464,4
465,465,4
466,466,4
467,467,4
468,468,4
469,469,4
470,470,4
471,471,4
472,472,4
473,473,4
474,474,4
475,475,4
476,476,4
477,477,4
478,478,4
479,479,4
480,480,4
481,481,4
482,482,4
483,483,4
484,484,4
485,485,4
486,486,4
487,487,4
488,488,4
489,489,4
490,490,4
491,491,4
492,492,4
493,493,4
494,494,4
495,495,4
496,496,4
497,497,4
498,498,4
499,499,4
500,500,4
501,501,4
502,502,4
503,503,1
504,504,4
505,505,4
506,506,4
507,507,4
508,508,4
509,509,4
510,510,4
511,511,4
512,512,4
513,513,4
514,514,4
515,515,4
516,516,4
517,517,4
518,518,4
519,519,4
520,520,4
521,521,4
522,522,4
523,523,4
524,524,4
525,525,4
526,526,4
527,527,4
528,528,4
529,529,4
530,530,4
531,531,4
532,532,4
533,533,4
534,534,4
535,535,4
536,536,4
537,537,4
538,538,4
539,539,1
540,540,1
541,541,1
542,542,4
543,543,4
544,544,4
545,545,4
546,546,4
547,547,4
548,548,4
549,549,4
550,550,1
551,551,1
552,552,1
553,553,1
554,554,1
555,555,1
556,556,1
557,557,1
558,558,1
559,559,4
560,560,1
561,561,1
562,562,4
563,563,4
564,564,4
565,565,4
566,566,4
567,567,4
568,568,1
569,569,4
570,570,4
571,571,3
572,572,4
573,573,1
574,574,1
575,575,1
576,576,4
577,577,4
578,578,1
579,579,1
580,580,1
581,581,1
582,582,1
583,583,1
584,584,1
585,585,1
586,586,1
587,587,1
588,588,1
589,589,1
590,590,1
591,591,4
592,592,4
593,593,1
594,594,4
595,595,4
596,596,4
597,597,4
598,598,4
599,599,4
600,600,4
601,601,4
602,602,4
603,603,4
604,604,4
605,605,4
606,606,4
607,607,4
608,608,4
609,609,4
610,610,4
611,611,4
612,612,4
613,613,4
614,614,4
615,615,4
616,616,4
617,617,4
618,618,4
619,619,4
620,620,4
621,621,4
622,622,4
623,623,4
624,624,4
625,625,4
626,626,4
627,627,4
628,628,4
629,629,4
630,630,4
631,631,4
632,632,4
633,633,4
634,634,4
635,635,4
636,636,4
637,637,4
638,638,4
639,639,4
640,640,4
641,641,4
642,642,4
643,643,4
644,644,4
645,645,4
646,646,4
647,647,4
648,648,4
649,649,4
650,650,4
651,651,4
652,652,4
653,653,4
654,654,4
655,655,4
656,656,4
657,657,4
658,658,4
659,659,4
660,660,4
661,661,4
662,662,4
663,663,4
664,664,4
665,665,4
666,666,4
667,667,4
668,668,4
669,669,4
670,670,4
671,671,4
672,672,4
673,673,4
674,674,4
675,675,4
676,676,4
677,677,4
678,678,4
679,679,4
680,680,4
681,681,4
682,682,4
683,683,4
684,684,4
685,685,4
686,686,4
687,687,4
688,688,4
689,689,4
690,690,4
691,691,4
692,692,4
693,693,4
694,694,4
695,695,4
696,696,4
697,697,4
698,698,4
699,699,4
700,700,4
701,701,4
702,702,4
703,703,4
704,704,4
705,705,4
706,706,4
707,707,4
708,708,4
709,709,4
710,710,4
711,711,4
712,712,4
713,713,4
714,714,4
715,715,4
716,716,4
717,717,4
718,718,4
719,719,4
720,720,4
721,721,4
722,722,4
723,723,4
724,724,4
725,725,4
726,726,4
727,727,4
728,728,4
729,729,4
730,730,4
731,731,4
732,732,4
733,733,4
734,734,4
735,735,4
736,736,4
737,737,4
738,738,4
739,739,4
740,740,4
741,741,4
742,742,4
743,743,4
744,744,4
745,745,4
746,746,4
747,747,4
748,748,4
749,749,4
750,750,4
751,751,4
752,752,4
753,753,4
754,754,4
755,755,4
756,756,4
757,757,4
758,758,4
759,759,4
760,760,4
761,761,4
762,762,4
763,763,4
764,764,4
765,765,4
766,766,4
767,767,4
768,768,4
769,769,4
770,770,4
771,771,4
772,772,4
773,773,4
774,774,4
775,775,4
776,776,4
777,777,4
778,778,4
779,779,4
780,780,4
781,781,4
782,782,4
783,783,4
784,784,4
785,785,4
786,786,4
787,787,4
788,788,4
789,789,4
790,790,4
791,791,4
792,792,4
793,793,4
794,794,4
795,795,4
796,796,4
797,797,4
798,798,4
799,799,4
800,800,4
801,801,4
802,802,4
803,803,4
804,804,4
805,805,4
806,806,4
807,807,4
808,808,4
809,809,4
810,810,4
811,811,4
812,812,4
813,813,4
814,814,4
815,815,4
816,816,4
817,817,4
818,818,4
819,819,4
820,820,4
821,821,4
822,822,4
823,823,4
824,824,4
825,825,4
826,826,4
827,827,4
828,828,4
829,829,4
830,830,4
831,831,4
832,832,4
833,833,4
834,834,4
835,835,4
836,836,4
837,837,4
838,838,4
839,839,4
840,840,4
841,841,4
842,842,4
843,843,4
844,844,4
845,845,4
846,846,4
847,847,4
848,848,4
849,849,4
850,850,4
851,851,4
852,852,4
853,853,4
854,854,4
855,855,4
856,856,4
857,857,4
858,858,4
859,859,4
860,860,4
861,861,4
862,862,4
863,863,4
864,864,4
865,865,4
866,866,4
867,867,4
868,868,4
869,869,4
870,870,4
871,871,4
872,872,4
873,873,4
874,874,4
875,875,4
876,876,4
877,877,4
878,878,4
879,879,4
880,880,4
881,881,4
882,882,4
883,883,4
884,884,4
885,885,4
886,886,4
887,887,4
888,888,4
889,889,4
890,890,4
891,891,4
892,892,4
893,893,4
894,894,4
895,895,4
896,896,4
897,897,4
898,898,4
899,899,4
900,900,4
901,901,4
902,902,4
903,903,4
904,904,4
905,905,4
906,906,4
907,907,4
908,908,4
909,909,4
910,910,4
911,911,4
912,912,4
913,913,4
914,914,4
915,915,4
916,916,4
917,917,4
918,918,4
919,919,4
920,920,4
921,921,4
922,922,4
923,923,4
924,924,4
925,925,4
926,926,4
927,927,4
928,928,4
929,929,4
930,930,4
931,931,4
932,932,4
933,933,4
934,934,4
935,935,4
936,936,4
937,937,4
938,938,4
939,939,4
940,940,4
941,941,4
942,942,4
943,943,4
944,944,4
945,945,4
946,946,4
947,947,4
948,948,4
949,949,4
950,950,4
951,951,4
952,952,4
953,953,4
954,954,4
955,955,4
956,956,4
957,957,4
958,958,4
959,959,4
960,960,4
961,961,4
962,962,4
963,963,4
964,964,4
965,965,4
966,966,4
967,967,4
968,968,4
969,969,4
970,970,4
971,971,4
972,972,4
973,973,4
974,974,4
975,975,4
976,976,4
977,977,4
978,978,4
979,979,4
980,980,4
981,981,4
982,982,4
983,983,4
984,984,4
985,985,4
986,986,4
987,987,4
988,988,4
989,989,4
990,990,4
991,991,4
992,992,4
993,993,4
994,994,4
995,995,4
996,996,4
997,997,4
998,998,4
999,999,4
1000,1000,4
1001,1001,4
1002,1002,4
1003,1003,4
1004,1004,4
1005,1005,4
1006,1006,4
1007,1007,4
1008,1008,4
1009,1009,4
1010,1010,4
1011,1011,4
1012,1012,4
1013,1013,4
1014,1014,4
1015,1015,4
1016,1016,4
1017,1017,4
1018,1018,4
1019,1019,4
1020,1020,4
1021,1021,4
1022,1022,4
1023,1023,4
1024,1024,4
1025,1025,4
1026,1026,4
1027,1027,4
1028,1028,4
1029,1029,4
1030,1030,4
1031,1031,4
1032,1032,4
1033,1033,4
1034,1034,4
1035,1035,4
1036,1036,4
1037,1037,4
1038,1038,4
1039,1039,4
1040,1040,4
1041,1041,4
1042,1042,4
1043,1043,4
1044,1044,4
1045,1045,4
1046,1046,4
1047,1047,4
1048,1048,4
1049,1049,4
1050,1050,4
1051,1051,4
1052,1052,4
1053,1053,4
1054,1054,4
1055,1055,4
1056,1056,4
1057,1057,4
1058,1058,4
1059,1059,4
1060,1060,4
1061,1061,4
1062,1062,4
1063,1063,4
1064,1064,4
1065,1065,4
1066,1066,4
1067,1067,4
1068,1068,4
1069,1069,4
1070,1070,4
1071,1071,4
1072,1072,4
1073,1073,4
1074,1074,4
1075,1075,4
1076,1076,4
1077,1077,4
1078,1078,4
1079,1079,4
1080,1080,4
1081,1081,4
1082,1082,4
1083,1083,4
1084,1084,4
1085,1085,4
1086,1086,4
1087,1087,4
1088,1088,4
1089,1089,4
1090,1090,4
1091,1091,4
1092,1092,4
1093,1093,4
1094,1094,4
1095,1095,4
1096,1096,4
1097,1097,4
1098,1098,4
1099,1099,4
1100,1100,4
1101,1101,4
1102,1102,4
1103,1103,4
1104,1104,4
1105,1105,4
1106,1106,4
1107,1107,4
1108,1108,4
1109,1109,4
1110,1110,4
1111,1111,4
1112,1112,4
1113,1113,4
1114,1114,4
1115,1115,4
1116,1116,4
1117,1117,4
1118,1118,4
1119,1119,4
1120,1120,4
1121,1121,4
1122,1122,4
1123,1123,4
1124,1124,4
1125,1125,4
1126,1126,4
1127,1127,4
1128,1128,4
1129,1129,4
1130,1130,4
1131,1131,4
1132,1132,4
1133,1133,4
1134,1134,4
1135,1135,4
1136,1136,4
1137,1137,4
1138,1138,1
1139,1139,4
1140,1140,4
1141,1141,4
1142,1142,4
1143,1143,4
1144,1144,4
1145,1145,4
1146,1146,4
1147,1147,4
1148,1148,4
1149,1149,4
1150,1150,4
1151,1151,4
1152,1152,4
1153,1153,4
1154,1154,4
1155,1155,4
1156,1156,4
1157,1157,4
1158,1158,4
1159,1159,4
1160,1160,4
1161,1161,4
1162,1162,4
1163,1163,1
1164,1164,4
1165,1165,4
1166,1166,4
1167,1167,4
1168,1168,4
1169,1169,4
1170,1170,4
1171,1171,4
1172,1172,4
1173,1173,4
1174,1174,4
1175,1175,4
1176,1176,4
1177,1177,4
1178,1178,4
1179,1179,4
1180,1180,4
1181,1181,4
1182,1182,4
1183,1183,4
1184,1184,4
1185,1185,4
1186,1186,4
1187,1187,4
1188,1188,4
1189,1189,4
1190,1190,4
1191,1191,4
1192,1192,4
1193,1193,4
1194,1194,1
1195,1195,4
1196,1196,4
1197,1197,4
1198,1198,4
1199,1199,4
1200,1200,4
1201,1201,4
1202,1202,4
1203,1203,4
1204,1204,4
1205,1205,4
1206,1206,4
1207,1207,4
1208,1208,4
1209,1209,4
1210,1210,4
1211,1211,4
1212,1212,4
1213,1213,4
1214,1214,4
1215,1215,4
1216,1216,4
1217,1217,4
1218,1218,4
1219,1219,4
1220,1220,4
1221,1221,4
1222,1222,4
1223,1223,4
1224,1224,4
1225,1225,4
1226,1226,4
1227,1227,4
1228,1228,4
1229,1229,4
1230,1230,4
1231,1231,4
1232,1232,4
1233,1233,4
1234,1234,4
1235,1235,4
1236,1236,4
1237,1237,4
1238,1238,4
1239,1239,4
1240,1240,4
1241,1241,4
1242,1242,4
1243,1243,4
1244,1244,4
1245,1245,4
1246,1246,4
1247,1247,4
1248,1248,4
1249,1249,4
1250,1250,4
1251,1251,4
1252,1252,4
1253,1253,4
1254,1254,4
1255,1255,4
1256,1256,4
1257,1257,4
1258,1258,4
1259,1259,4
1260,1260,4
1261,1261,4
1262,1262,4
1263,1263,4
1264,1264,4
1265,1265,4
1266,1266,4
1267,1267,4
1268,1268,4
1269,1269,4
1270,1270,4
1271,1271,4
1272,1272,4
1273,1273,4
1274,1274,4
1275,1275,4
1276,1276,4
1277,1277,4
1278,1278,4
1279,1279,4
1280,1280,4
1281,1281,4
1282,1282,4
1283,1283,4
1284,1284,4
1285,1285,4
1286,1286,4
1287,1287,4
1288,1288,4
1289,1289,4
1290,1290,4
1291,1291,4
1292,1292,4
1293,1293,4
1294,1294,4
1295,1295,4
1296,1296,4
1297,1297,4
1298,1298,4
1299,1299,4
1300,1300,4
1301,1301,4
1302,1302,4
1303,1303,4
1304,1304,4
1305,1305,4
1306,1306,4
1307,1307,4
1308,1308,4
1309,1309,4
1310,1310,4
1311,1311,4
1312,1312,4
1313,1313,4
1314,1314,4
1315,1315,4
1316,1316,4
1317,1317,4
1318,1318,4
1319,1319,4
1320,1320,4
1321,1321,4
1322,1322,4
1323,1323,4
1324,1324,4
1325,1325,4
1326,1326,4
1327,1327,4
1328,1328,4
1329,1329,4
1330,1330,4
1331,1331,4
1332,1332,4
1333,1333,4
1334,1334,4
1335,1335,1
1336,1336,1
1337,1337,4
1338,1338,4
1339,1339,4
1340,1340,4
1341,1341,4
1342,1342,4
1343,1343,4
1344,1344,4
1345,1345,4
1346,1346,4
1347,1347,4
1348,1348,4
1349,1349,4
1350,1350,4
1351,1351,4
1352,1352,4
1353,1353,4
1354,1354,4
1355,1355,4
1356,1356,4
1357,1357,4
1358,1358,4
1359,1359,4
1360,1360,4
1361,1361,4
1362,1362,4
1363,1363,4
1364,1364,4
1365,1365,4
1366,1366,4
1367,1367,4
1368,1368,4
1369,1369,4
1370,1370,4
1371,1371,4
1372,1372,4
1373,1373,4
1374,1374,4
1375,1375,4
1376,1376,4
1377,1377,4
1378,1378,4
1379,1379,4
1380,1380,4
1381,1381,4
1382,1382,4
1383,1383,4
1384,1384,4
1385,1385,4
1386,1386,4
1387,1387,4
1388,1388,4
1389,1389,4
1390,1390,4
1391,1391,4
1392,1392,4
1393,1393,4
1394,1394,4
1395,1395,4
1396,1396,4
1397,1397,4
1398,1398,4
1399,1399,4
1400,1400,4
1401,1401,4
1402,1402,4
1403,1403,4
1404,1404,4
1405,1405,4
1406,1406,4
1407,1407,4
1408,1408,4
1409,1409,4
1410,1410,4
1411,1411,4
1412,1412,4
1413,1413,4
1414,1414,4
1415,1415,4
1416,1416,4
1417,1417,4
1418,1418,4
1419,1419,4
1420,1420,4
1421,1421,4
1422,1422,4
1423,1423,4
1424,1424,4
1425,1425,4
1426,1426,4
1427,1427,4
1428,1428,4
1429,1429,4
1430,1430,4
1431,1431,4
1432,1432,4
1433,1433,4
1434,1434,4
1435,1435,4
1436,1436,4
1437,1437,4
1438,1438,4
1439,1439,4
1440,1440,4
1441,1441,4
1442,1442,4
1443,1443,4
1444,1444,4
1445,1445,4
1446,1446,4
1447,1447,4
1448,1448,4
1449,1449,4
1450,1450,4
1451,1451,4
1452,1452,4
1453,1453,4
1454,1454,4
1455,1455,4
1456,1456,4
1457,1457,4
1458,1458,4
1459,1459,4
1460,1460,4
1461,1461,4
1462,1462,4
1463,1463,4
1464,1464,4
1465,1465,4
1466,1466,4
1467,1467,4
1468,1468,4
1469,1469,4
1470,1470,4
1471,1471,4
1472,1472,4
1473,1473,4
1474,1474,4
1475,1475,4
1476,1476,4
1477,1477,4
1478,1478,4
1479,1479,4
1480,1480,4
1481,1481,4
1482,1482,4
1483,1483,4
1484,1484,4
1485,1485,4
1486,1486,4
1487,1487,4
1488,1488,4
1489,1489,4
1490,1490,4
1491,1491,4
1492,1492,4
1493,1493,4
1494,1494,4
1495,1495,4
1496,1496,4
1497,1497,4
1498,1498,4
1499,1499,4
1500,1500,4
1501,1501,4
1502,1502,4
1503,1503,4
1504,1504,4
1505,1505,4
1506,1506,4
1507,1507,4
1508,1508,4
1509,1509,4
1510,1510,4
1511,1511,4
1512,1512,4
1513,1513,4
1514,1514,4
1515,1515,4
1516,1516,4
1517,1517,4
1518,1518,4
1519,1519,4
1520,1520,4
1521,1521,4
1522,1522,4
1523,1523,4
1524,1524,4
1525,1525,4
1526,1526,4
1527,1527,4
1528,1528,4
1529,1529,4
1530,1530,4
1531,1531,4
1532,1532,4
1533,1533,4
1534,1534,4
1535,1535,4
1536,1536,4
1537,1537,4
1538,1538,4
1539,1539,4
1540,1540,4
1541,1541,4
1542,1542,4
1543,1543,4
1544,1544,4
1545,1545,4
1546,1546,4
1547,1547,4
1548,1548,4
1549,1549,4
1550,1550,4
1551,1551,4
1552,1552,4
1553,1553,4
1554,1554,4
1555,1555,4
1556,1556,4
1557,1557,4
1558,1558,4
1559,1559,4
1560,1560,4
1561,1561,4
1562,1562,4
1563,1563,4
1564,1564,4
1565,1565,4
1566,1566,4
1567,1567,4
1568,1568,4
1569,1569,4
1570,1570,4
1571,1571,4
1572,1572,4
1573,1573,4
1574,1574,4
1575,1575,4
1576,1576,4
1577,1577,4
1578,1578,4
1579,1579,4
1580,1580,4
1581,1581,4
1582,1582,4
1583,1583,4
1584,1584,4
1585,1585,4
1586,1586,4
1587,1587,4
1588,1588,4
1589,1589,4
1590,1590,4
1591,1591,4
1592,1592,4
1593,1593,4
1594,1594,4
1595,1595,4
1596,1596,4
1597,1597,4
1598,1598,4
1599,1599,4
1600,1600,4
1601,1601,4
1602,1602,4
1603,1603,4
1604,1604,4
1605,1605,4
1606,1606,4
1607,1607,4
1608,1608,4
1609,1609,4
1610,1610,4
1611,1611,4
1612,1612,4
1613,1613,4
1614,1614,4
1615,1615,4
1616,1616,4
1617,1617,4
1618,1618,4
1619,1619,4
1620,1620,4
1621,1621,4
1622,1622,4
1623,1623,4
1624,1624,4
1625,1625,4
1626,1626,4
1627,1627,4
1628,1628,4
1629,1629,4
1630,1630,4
1631,1631,4
1632,1632,4
1633,1633,4
1634,1634,4
1635,1635,4
1636,1636,4
1637,1637,4
1638,1638,4
1639,1639,4
1640,1640,4
1641,1641,4
1642,1642,4
1643,1643,4
1644,1644,4
1645,1645,4
1646,1646,4
1647,1647,4
1648,1648,4
1649,1649,4
1650,1650,4
1651,1651,4
1652,1652,4
1653,1653,4
1654,1654,4
1655,1655,4
1656,1656,4
1657,1657,4
1658,1658,4
1659,1659,4
1660,1660,4
1661,1661,4
1662,1662,4
1663,1663,4
1664,1664,4
1665,1665,4
1666,1666,4
1667,1667,4
1668,1668,4
1669,1669,4
1670,1670,4
1671,1671,4
1672,1672,4
1673,1673,4
1674,1674,4
1675,1675,4
1676,1676,4
1677,1677,4
1678,1678,4
1679,1679,4
1680,1680,4
1681,1681,4
1682,1682,4
1683,1683,4
1684,1684,4
1685,1685,4
1686,1686,4
1687,1687,4
1688,1688,4
1689,1689,4
1690,1690,4
1691,1691,4
1692,1692,4
1693,1693,4
1694,1694,4
1695,1695,4
1696,1696,4
1697,1697,4
1698,1698,4
1699,1699,4
1700,1700,4
1701,1701,4
1702,1702,4
1703,1703,4
1704,1704,4
1705,1705,4
1706,1706,4
1707,1707,4
1708,1708,4
1709,1709,4
1710,1710,4
1711,1711,4
1712,1712,4
1713,1713,4
1714,1714,4
1715,1715,4
1716,1716,4
1717,1717,4
1718,1718,4
1719,1719,4
1720,1720,4
1721,1721,4
1722,1722,4
1723,1723,4
1724,1724,4
1725,1725,4
1726,1726,4
1727,1727,4
1728,1728,4
1729,1729,4
1730,1730,4
1731,1731,4
1732,1732,4
1733,1733,4
1734,1734,4
1735,1735,4
1736,1736,4
1737,1737,4
1738,1738,4
1739,1739,4
1740,1740,4
1741,1741,4
1742,1742,4
1743,1743,4
1744,1744,4
1745,1745,4
1746,1746,4
1747,1747,4
1748,1748,4
1749,1749,4
1750,1750,4
1751,1751,4
1752,1752,4
1753,1753,4
1754,1754,4
1755,1755,4
1756,1756,4
1757,1757,4
1758,1758,4
1759,1759,4
1760,1760,4
1761,1761,4
1762,1762,4
1763,1763,4
1764,1764,4
1765,1765,4
1766,1766,4
1767,1767,4
1768,1768,4
1769,1769,4
1770,1770,4
1771,1771,4
1772,1772,4
1773,1773,4
1774,1774,4
1775,1775,4
1776,1776,4
1777,1777,4
1778,1778,4
1779,1779,4
1780,1780,4
1781,1781,4
1782,1782,4
1783,1783,4
1784,1784,4
1785,1785,4
1786,1786,4
1787,1787,4
1788,1788,4
1789,1789,4
1790,1790,4
1791,1791,4
1792,1792,4
1793,1793,4
1794,1794,4
1795,1795,4
1796,1796,4
1797,1797,4
1798,1798,4
1799,1799,1
1800,1800,1
1801,1801,1
1802,1802,1
1803,1803,1
1804,1804,4
1805,1805,4
1806,1806,4
1807,1807,4
1808,1808,4
1809,1809,4
1810,1810,4
1811,1811,4
1812,1812,4
1813,1813,4
1814,1814,4
1815,1815,4
1816,1816,4
1817,1817,4
1818,1818,4
1819,1819,4
1820,1820,4
1821,1821,4
1822,1822,4
1823,1823,4
1824,1824,4
1825,1825,4
1826,1826,4
1827,1827,4
1828,1828,4
1829,1829,4
1830,1830,4
1831,1831,4
1832,1832,4
1833,1833,4
1834,1834,4
1835,1835,4
1836,1836,4
1837,1837,4
1838,1838,4
1839,1839,4
1840,1840,4
1841,1841,4
1842,1842,4
1843,1843,4
1844,1844,4
1845,1845,4
1846,1846,4
1847,1847,4
1848,1848,4
1849,1849,4
1850,1850,4
1851,1851,4
1852,1852,4
1853,1853,4
1854,1854,4
1855,1855,4
1856,1856,4
1857,1857,4
1858,1858,4
1859,1859,4
1860,1860,4
1861,1861,4
1862,1862,4
1863,1863,4
1864,1864,4
1865,1865,4
1866,1866,4
1867,1867,4
1868,1868,4
1869,1869,4
1870,1870,4
1871,1871,4
1872,1872,4
1873,1873,4
1874,1874,4
1875,1875,4
1876,1876,4
1877,1877,4
1878,1878,4
1879,1879,4
1880,1880,4
1881,1881,4
1882,1882,4
1883,1883,4
1884,1884,4
1885,1885,4
1886,1886,4
1887,1887,4
1888,1888,4
1889,1889,4
1890,1890,4
1891,1891,4
1892,1892,1
1893,1893,4
1894,1894,1
1895,1895,1
1896,1896,1
1897,1897,1
1898,1898,1
1899,1899,1
1900,1900,4
1901,1901,4
1902,1902,4
1903,1903,4
1904,1904,4
1905,1905,4
1906,1906,4
1907,1907,4
1908,1908,4
1909,1909,4
1910,1910,4
1911,1911,4
1912,1912,4
1913,1913,4
1914,1914,4
1915,1915,4
1916,1916,4
1917,1917,4
1918,1918,4
1919,1919,4
1920,1920,4
1921,1921,4
1922,1922,4
1923,1923,4
1924,1924,4
1925,1925,4
1926,1926,4
1927,1927,4
1928,1928,4
1929,1929,4
1930,1930,4
1931,1931,4
1932,1932,4
1933,1933,4
1934,1934,4
1935,1935,4
1936,1936,4
1937,1937,4
1938,1938,4
1939,1939,4
1940,1940,4
1941,1941,4
1942,1942,4
1943,1943,4
1944,1944,4
1945,1945,4
1946,1946,4
1947,1947,4
1948,1948,4
1949,1949,4
1950,1950,4
1951,1951,4
1952,1952,4
1953,1953,4
1954,1954,4
1955,1955,4
1956,1956,4
1957,1957,4
1958,1958,4
1959,1959,4
1960,1960,4
1961,1961,4
1962,1962,4
1963,1963,4
1964,1964,4
1965,1965,4
1966,1966,4
1967,1967,4
1968,1968,4
1969,1969,4
1970,1970,4
1971,1971,4
1972,1972,4
1973,1973,4
1974,1974,4
1975,1975,4
1976,1976,4
1977,1977,4
1978,1978,4
1979,1979,4
1980,1980,4
1981,1981,4
1982,1982,4
1983,1983,4
1984,1984,4
1985,1985,4
1986,1986,4
1987,1987,4
1988,1988,4
1989,1989,4
1990,1990,4
1991,1991,4
1992,1992,4
1993,1993,4
1994,1994,4
1995,1995,4
1996,1996,4
1997,1997,4
1998,1998,4
1999,1999,4
2000,2000,4
2001,2001,4
2002,2002,4
2003,2003,4
2004,2004,4
2005,2005,4
2006,2006,4
2007,2007,4
2008,2008,4
2009,2009,4
2010,2010,4
2011,2011,4
2012,2012,4
2013,2013,4
2014,2014,4
2015,2015,4
2016,2016,4
2017,2017,4
2018,2018,4
2019,2019,4
2020,2020,4
2021,2021,4
2022,2022,4
2023,2023,4
2024,2024,4
2025,2025,4
2026,2026,4
2027,2027,4
2028,2028,4
2029,2029,4
2030,2030,4
2031,2031,4
2032,2032,4
2033,2033,4
2034,2034,4
2035,2035,4
2036,2036,4
2037,2037,4
2038,2038,4
2039,2039,4
2040,2040,4
2041,2041,4
2042,2042,4
2043,2043,4
2044,2044,4
2045,2045,4
2046,2046,4
2047,2047,4
2048,2048,4
2049,2049,4
2050,2050,4
2051,2051,4
2052,2052,4
2053,2053,1
2054,2054,4
2055,2055,4
2056,2056,1
2057,2057,1
2058,2058,4
2059,2059,4
2060,2060,1
2061,2061,1
2062,2062,1
2063,2063,4
2064,2064,4
2065,2065,4
2066,2066,4
2067,2067,4
2068,2068,4
2069,2069,4
2070,2070,4
2071,2071,4
2072,2072,4
2073,2073,4
2074,2074,4
2075,2075,4
2076,2076,4
2077,2077,4
2078,2078,1
2079,2079,4
2080,2080,4
2081,2081,4
2082,2082,1
2083,2083,4
2084,2084,4
2085,2085,4
2086,2086,4
2087,2087,4
2088,2088,4
2089,2089,4
2090,2090,4
2091,2091,4
2092,2092,4
2093,2093,4
2094,2094,4
2095,2095,4
2096,2096,4
2097,2097,1
2098,2098,4
2099,2099,4
2100,2100,4
2101,2101,4
2102,2102,4
2103,2103,4
2104,2104,4
2105,2105,1
2106,2106,1
2107,2107,4
2108,2108,1
2109,2109,4
2110,2110,1
2111,2111,1
2112,2112,4
2113,2113,4
2114,2114,4
2115,2115,4
2116,2116,4
2117,2117,4
2118,2118,4
2119,2119,4
2120,2120,4
2121,2121,4
2122,2122,4
2123,2123,4
2124,2124,4
2125,2125,4
2126,2126,4
2127,2127,4
2128,2128,4
2129,2129,4
2130,2130,4
2131,2131,4
2132,2132,4
2133,2133,4
2134,2134,4
2135,2135,4
2136,2136,4
2137,2137,4
2138,2138,4
2139,2139,4
2140,2140,4
2141,2141,4
2142,2142,4
2143,2143,4
2144,2144,4
2145,2145,4
2146,2146,4
2147,2147,4
2148,2148,4
2149,2149,4
2150,2150,4
2151,2151,4
2152,2152,4
2153,2153,4
2154,2154,4
2155,2155,4
2156,2156,4
2157,2157,4
2158,2158,4
2159,2159,4
2160,2160,1
2161,2161,4
2162,2162,4
2163,2163,4
2164,2164,4
2165,2165,4
2166,2166,4
2167,2167,4
2168,2168,4
2169,2169,4
2170,2170,1
2171,2171,4
2172,2172,1
2173,2173,4
2174,2174,4
2175,2175,4
2176,2176,4
2177,2177,4
2178,2178,4
2179,2179,4
2180,2180,4
2181,2181,4
2182,2182,4
2183,2183,4
2184,2184,4
2185,2185,4
2186,2186,4
2187,2187,4
2188,2188,4
2189,2189,4
2190,2190,4
2191,2191,4
2192,2192,4
2193,2193,4
2194,2194,4
2195,2195,4
2196,2196,4
2197,2197,4
2198,2198,4
2199,2199,4
2200,2200,4
2201,2201,4
2202,2202,4
2203,2203,4
2204,2204,4
2205,2205,4
2206,2206,4
2207,2207,4
2208,2208,4
2209,2209,4
2210,2210,4
2211,2211,4
2212,2212,4
2213,2213,4
2214,2214,4
2215,2215,4
2216,2216,4
2217,2217,4
2218,2218,4
2219,2219,4
2220,2220,4
2221,2221,4
2222,2222,4
2223,2223,4
2224,2224,4
2225,2225,4
2226,2226,4
2227,2227,4
2228,2228,4
2229,2229,4
2230,2230,4
2231,2231,4
2232,2232,4
2233,2233,4
2234,2234,4
2235,2235,4
2236,2236,4
2237,2237,4
2238,2238,4
2239,2239,4
2240,2240,4
2241,2241,4
2242,2242,4
2243,2243,4
2244,2244,4
2245,2245,4
2246,2246,4
2247,2247,4
2248,2248,4
2249,2249,4
2250,2250,4
2251,2251,4
2252,2252,4
2253,2253,4
2254,2254,4
2255,2255,4
2256,2256,4
2257,2257,4
2258,2258,4
2259,2259,4
2260,2260,4
2261,2261,4
2262,2262,4
2263,2263,4
2264,2264,4
2265,2265,4
2266,2266,4
2267,2267,4
2268,2268,4
2269,2269,4
2270,2270,4
2271,2271,4
2272,2272,4
2273,2273,4
2274,2274,4
2275,2275,4
2276,2276,4
2277,2277,4
2278,2278,4
2279,2279,4
2280,2280,4
2281,2281,4
2282,2282,4
2283,2283,4
2284,2284,4
2285,2285,4
2286,2286,4
2287,2287,4
2288,2288,1
2289,2289,4
2290,2290,4
2291,2291,4
2292,2292,4
2293,2293,4
2294,2294,4
2295,2295,4
2296,2296,4
2297,2297,4
2298,2298,4
2299,2299,4
2300,2300,4
2301,2301,4
2302,2302,4
2303,2303,4
2304,2304,4
2305,2305,4
2306,2306,4
2307,2307,4
2308,2308,4
2309,2309,4
2310,2310,4
2311,2311,4
2312,2312,4
2313,2313,4
2314,2314,4
2315,2315,4
2316,2316,4
2317,2317,4
2318,2318,4
2319,2319,4
2320,2320,4
2321,2321,4
2322,2322,4
2323,2323,4
2324,2324,4
2325,2325,4
2326,2326,4
2327,2327,4
2328,2328,4
2329,2329,4
2330,2330,4
2331,2331,4
2332,2332,4
2333,2333,4
2334,2334,4
2335,2335,4
2336,2336,4
2337,2337,4
2338,2338,4
2339,2339,4
2340,2340,4
2341,2341,4
2342,2342,4
2343,2343,4
2344,2344,4
2345,2345,4
2346,2346,4
2347,2347,4
2348,2348,4
2349,2349,4
2350,2350,4
2351,2351,4
2352,2352,4
2353,2353,4
2354,2354,4
2355,2355,4
2356,2356,4
2357,2357,4
2358,2358,4
2359,2359,4
2360,2360,4
2361,2361,4
2362,2362,4
2363,2363,4
2364,2364,4
2365,2365,4
2366,2366,4
2367,2367,4
2368,2368,4
2369,2369,4
2370,2370,4
2371,2371,4
2372,2372,4
2373,2373,4
2374,2374,4
2375,2375,4
2376,2376,4
2377,2377,4
2378,2378,4
2379,2379,1
2380,2380,1
2381,2381,4
2382,2382,4
2383,2383,4
2384,2384,4
2385,2385,4
2386,2386,4
2387,2387,4
2388,2388,4
2389,2389,4
2390,2390,4
2391,2391,4
2392,2392,4
2393,2393,4
2394,2394,4
2395,2395,4
2396,2396,4
2397,2397,4
2398,2398,4
2399,2399,4
2400,2400,4
2401,2401,4
2402,2402,4
2403,2403,4
2404,2404,4
2405,2405,4
2406,2406,4
2407,2407,4
2408,2408,4
2409,2409,4
2410,2410,4
2411,2411,4
2412,2412,4
2413,2413,4
2414,2414,4
2415,2415,4
2416,2416,4
2417,2417,4
2418,2418,4
2419,2419,4
2420,2420,4
2421,2421,4
2422,2422,4
2423,2423,4
2424,2424,1
2425,2425,4
2426,2426,4
2427,2427,4
2428,2428,4
2429,2429,4
2430,2430,4
2431,2431,4
2432,2432,4
2433,2433,4
2434,2434,4
2435,2435,4
2436,2436,4
2437,2437,4
2438,2438,4
2439,2439,4
2440,2440,1
2441,2441,1
2442,2442,4
2443,2443,4
2444,2444,4
2445,2445,4
2446,2446,4
2447,2447,4
2448,2448,4
2449,2449,4
2450,2450,4
2451,2451,4
2452,2452,4
2453,2453,4
2454,2454,4
2455,2455,4
2456,2456,4
2457,2457,4
2458,2458,4
2459,2459,4
2460,2460,4
2461,2461,4
2462,2462,4
2463,2463,4
2464,2464,4
2465,2465,4
2466,2466,4
2467,2467,4
2468,2468,4
2469,2469,4
2470,2470,4
2471,2471,4
2472,2472,4
2473,2473,4
2474,2474,4
2475,2475,4
2476,2476,4
2477,2477,4
2478,2478,4
2479,2479,4
2480,2480,4
2481,2481,4
2482,2482,4
2483,2483,4
2484,2484,4
2485,2485,4
2486,2486,4
2487,2487,4
2488,2488,4
2489,2489,4
2490,2490,4
2491,2491,4
2492,2492,4
2493,2493,4
2494,2494,4
2495,2495,4
2496,2496,4
2497,2497,4
2498,2498,4
2499,2499,4
2500,2500,4
2501,2501,4
2502,2502,4
2503,2503,4
2504,2504,4
2505,2505,4
2506,2506,4
2507,2507,4
2508,2508,4
2509,2509,4
2510,2510,4
2511,2511,4
2512,2512,4
2513,2513,4
2514,2514,4
2515,2515,4
2516,2516,4
2517,2517,1
2518,2518,4
2519,2519,4
2520,2520,1
2521,2521,1
2522,2522,4
2523,2523,4
2524,2524,4
2525,2525,4
2526,2526,4
2527,2527,4
2528,2528,4
2529,2529,4
2530,2530,4
2531,2531,4
2532,2532,4
2533,2533,4
2534,2534,4
2535,2535,4
2536,2536,4
2537,2537,4
2538,2538,4
2539,2539,4
2540,2540,4
2541,2541,4
2542,2542,4
2543,2543,4
2544,2544,4
2545,2545,4
2546,2546,4
2547,2547,4
2548,2548,4
2549,2549,4
2550,2550,4
2551,2551,4
2552,2552,4
2553,2553,4
2554,2554,4
2555,2555,4
2556,2556,4
2557,2557,4
2558,2558,4
2559,2559,4
2560,2560,4
2561,2561,4
2562,2562,4
2563,2563,4
2564,2564,4
2565,2565,4
2566,2566,1
2567,2567,1
2568,2568,4
2569,2569,1
2570,2570,4
2571,2571,4
2572,2572,4
2573,2573,4
2574,2574,4
2575,2575,4
2576,2576,4
2577,2577,4
2578,2578,4
2579,2579,4
2580,2580,4
2581,2581,4
2582,2582,4
2583,2583,4
2584,2584,4
2585,2585,4
2586,2586,4
2587,2587,4
2588,2588,4
2589,2589,4
2590,2590,4
2591,2591,4
2592,2592,4
2593,2593,4
2594,2594,4
2595,2595,4
2596,2596,4
2597,2597,4
2598,2598,4
2599,2599,4
2600,2600,4
2601,2601,4
2602,2602,4
2603,2603,4
2604,2604,1
2605,2605,4
2606,2606,1
2607,2607,4
2608,2608,4
2609,2609,4
2610,2610,4
2611,2611,4
2612,2612,4
2613,2613,4
2614,2614,4
2615,2615,4
2616,2616,4
2617,2617,4
2618,2618,4
2619,2619,4
2620,2620,4
2621,2621,4
2622,2622,4
2623,2623,4
2624,2624,4
2625,2625,4
2626,2626,4
2627,2627,4
2628,2628,4
2629,2629,4
2630,2630,4
2631,2631,4
2632,2632,4
2633,2633,4
2634,2634,4
2635,2635,4
2636,2636,4
2637,2637,4
2638,2638,4
2639,2639,4
2640,2640,4
2641,2641,1
2642,2642,4
2643,2643,4
2644,2644,4
2645,2645,4
2646,2646,4
2647,2647,4
2648,2648,4
2649,2649,4
2650,2650,4
2651,2651,4
2652,2652,4
2653,2653,4
2654,2654,4
2655,2655,4
2656,2656,4
2657,2657,4
2658,2658,4
2659,2659,4
2660,2660,4
2661,2661,4
2662,2662,4
2663,2663,4
2664,2664,4
2665,2665,4
2666,2666,4
2667,2667,4
2668,2668,4
2669,2669,4
2670,2670,4
2671,2671,4
2672,2672,4
2673,2673,4
2674,2674,4
2675,2675,4
2676,2676,4
2677,2677,4
2678,2678,4
2679,2679,4
2680,2680,4
2681,2681,4
2682,2682,4
2683,2683,4
2684,2684,4
2685,2685,4
2686,2686,4
2687,2687,4
2688,2688,4
2689,2689,4
2690,2690,4
2691,2691,4
2692,2692,4
2693,2693,4
2694,2694,4
2695,2695,4
2696,2696,4
2697,2697,4
2698,2698,4
2699,2699,4
2700,2700,4
2701,2701,4
2702,2702,4
2703,2703,4
2704,2704,4
2705,2705,4
2706,2706,4
2707,2707,4
2708,2708,4
2709,2709,4
2710,2710,4
2711,2711,4
2712,2712,4
2713,2713,4
2714,2714,4
2715,2715,4
2716,2716,4
2717,2717,4
2718,2718,4
2719,2719,4
2720,2720,4
2721,2721,4
2722,2722,1
2723,2723,4
2724,2724,1
2725,2725,1
2726,2726,1
2727,2727,4
2728,2728,4
2729,2729,1
2730,2730,1
2731,2731,4
2732,2732,4
2733,2733,4
2734,2734,4
2735,2735,4
2736,2736,4
2737,2737,4
2738,2738,4
2739,2739,4
2740,2740,4
2741,2741,4
2742,2742,4
2743,2743,4
2744,2744,4
2745,2745,4
2746,2746,1
2747,2747,4
2748,2748,4
2749,2749,1
2750,2750,1
2751,2751,4
2752,2752,4
2753,2753,4
2754,2754,4
2755,2755,4
2756,2756,4
2757,2757,4
2758,2758,4
2759,2759,4
2760,2760,4
2761,2761,4
2762,2762,4
2763,2763,4
2764,2764,4
2765,2765,4
2766,2766,4
2767,2767,4
2768,2768,4
2769,2769,4
2770,2770,4
2771,2771,4
2772,2772,4
2773,2773,4
2774,2774,4
2775,2775,4
2776,2776,4
2777,2777,4
2778,2778,4
2779,2779,4
2780,2780,4
2781,2781,4
2782,2782,4
2783,2783,4
2784,2784,4
2785,2785,4
2786,2786,4
2787,2787,4
2788,2788,4
2789,2789,4
2790,2790,4
2791,2791,4
2792,2792,4
2793,2793,4
2794,2794,1
2795,2795,4
2796,2796,4
2797,2797,4
2798,2798,1
2799,2799,4
2800,2800,4
2801,2801,4
2802,2802,1
2803,2803,1
2804,2804,4
2805,2805,4
2806,2806,4
2807,2807,4
2808,2808,4
2809,2809,4
2810,2810,4
2811,2811,4
2812,2812,4
2813,2813,4
2814,2814,4
2815,2815,4
2816,2816,4
2817,2817,4
2818,2818,4
2819,2819,4
2820,2820,4
2821,2821,4
2822,2822,4
2823,2823,4
2824,2824,4
2825,2825,4
2826,2826,4
2827,2827,4
2828,2828,4
2829,2829,4
2830,2830,4
2831,2831,4
2832,2832,4
2833,2833,4
2834,2834,4
2835,2835,4
2836,2836,4
2837,2837,4
2838,2838,4
2839,2839,4
2840,2840,4
2841,2841,4
2842,2842,4
2843,2843,4
2844,2844,4
2845,2845,4
2846,2846,4
2847,2847,4
2848,2848,4
2849,2849,4
2850,2850,4
2851,2851,4
2852,2852,4
2853,2853,4
2854,2854,4
2855,2855,4
2856,2856,4
2857,2857,4
2858,2858,4
2859,2859,4
2860,2860,4
2861,2861,4
2862,2862,4
2863,2863,4
2864,2864,4
2865,2865,4
2866,2866,4
2867,2867,4
2868,2868,4
2869,2869,4
2870,2870,4
2871,2871,4
2872,2872,4
2873,2873,1
2874,2874,1
2875,2875,4
2876,2876,4
2877,2877,4
2878,2878,4
2879,2879,4
2880,2880,4
2881,2881,4
2882,2882,4
2883,2883,4
2884,2884,4
2885,2885,4
2886,2886,4
2887,2887,4
2888,2888,4
2889,2889,4
2890,2890,4
2891,2891,4
2892,2892,4
2893,2893,4
2894,2894,4
2895,2895,4
2896,2896,4
2897,2897,4
2898,2898,1
2899,2899,4
2900,2900,4
2901,2901,4
2902,2902,1
2903,2903,4
2904,2904,4
2905,2905,4
2906,2906,4
2907,2907,4
2908,2908,4
2909,2909,4
2910,2910,4
2911,2911,4
2912,2912,4
2913,2913,4
2914,2914,4
2915,2915,4
2916,2916,4
2917,2917,4
2918,2918,4
2919,2919,4
2920,2920,4
2921,2921,4
2922,2922,4
2923,2923,1
2924,2924,4
2925,2925,4
2926,2926,4
2927,2927,4
2928,2928,4
2929,2929,4
2930,2930,4
2931,2931,4
2932,2932,4
2933,2933,4
2934,2934,4
2935,2935,4
2936,2936,4
2937,2937,4
2938,2938,4
2939,2939,4
2940,2940,4
2941,2941,4
2942,2942,4
2943,2943,4
2944,2944,4
2945,2945,4
2946,2946,4
2947,2947,4
2948,2948,4
2949,2949,4
2950,2950,1
2951,2951,1
2952,2952,4
2953,2953,4
2954,2954,4
2955,2955,4
2956,2956,4
2957,2957,4
2958,2958,4
2959,2959,4
2960,2960,4
2961,2961,1
2962,2962,4
2963,2963,4
2964,2964,4
2965,2965,4
2966,2966,4
2967,2967,4
2968,2968,4
2969,2969,4
2970,2970,4
2971,2971,1
2972,2972,4
2973,2973,4
2974,2974,4
2975,2975,4
2976,2976,4
2977,2977,4
2978,2978,4
2979,2979,4
2980,2980,4
2981,2981,4
2982,2982,4
2983,2983,4
2984,2984,4
2985,2985,4
2986,2986,4
2987,2987,4
2988,2988,4
2989,2989,4
2990,2990,4
2991,2991,4
2992,2992,4
2993,2993,4
2994,2994,4
2995,2995,4
2996,2996,4
2997,2997,4
2998,2998,4
2999,2999,4
3000,3000,4
3001,3001,4
3002,3002,4
3003,3003,4
3004,3004,4
3005,3005,4
3006,3006,4
3007,3007,4
3008,3008,4
3009,3009,4
3010,3010,4
3011,3011,4
3012,3012,4
3013,3013,4
3014,3014,4
3015,3015,4
3016,3016,4
3017,3017,4
3018,3018,4
3019,3019,4
3020,3020,4
3021,3021,4
3022,3022,4
3023,3023,4
3024,3024,4
3025,3025,4
3026,3026,4
3027,3027,4
3028,3028,4
3029,3029,4
3030,3030,4
3031,3031,4
3032,3032,4
3033,3033,4
3034,3034,4
3035,3035,4
3036,3036,4
3037,3037,4
3038,3038,4
3039,3039,4
3040,3040,4
3041,3041,4
3042,3042,4
3043,3043,4
3044,3044,4
3045,3045,4
3046,3046,4
3047,3047,4
3048,3048,4
3049,3049,4
3050,3050,4
3051,3051,4
3052,3052,4
3053,3053,4
3054,3054,4
3055,3055,4
3056,3056,4
3057,3057,4
3058,3058,4
3059,3059,4
3060,3060,4
3061,3061,1
3062,3062,4
3063,3063,4
3064,3064,4
3065,3065,4
3066,3066,4
3067,3067,4
3068,3068,4
3069,3069,4
3070,3070,4
3071,3071,4
3072,3072,4
3073,3073,4
3074,3074,4
3075,3075,1
3076,3076,1
3077,3077,4
3078,3078,1
3079,3079,1
3080,3080,4
3081,3081,4
3082,3082,4
3083,3083,4
3084,3084,4
3085,3085,1
3086,3086,1
3087,3087,1
3088,3088,1
3089,3089,1
3090,3090,1
3091,3091,1
3092,3092,1
3093,3093,1
3094,3094,1
3095,3095,1
3096,3096,1
3097,3097,4
3098,3098,4
3099,3099,4
3100,3100,4
3101,3101,4
3102,3102,4
3103,3103,4
3104,3104,4
3105,3105,4
3106,3106,4
3107,3107,1
3108,3108,4
3109,3109,4
3110,3110,4
3111,3111,4
3112,3112,4
3113,3113,4
3114,3114,4
3115,3115,4
3116,3116,4
3117,3117,4
3118,3118,4
3119,3119,4
3120,3120,4
3121,3121,4
3122,3122,4
3123,3123,4
3124,3124,4
3125,3125,4
3126,3126,4
3127,3127,4
3128,3128,4
3129,3129,4
3130,3130,4
3131,3131,4
3132,3132,4
3133,3133,4
3134,3134,4
3135,3135,4
3136,3136,4
3137,3137,4
3138,3138,4
3139,3139,4
3140,3140,4
3141,3141,4
3142,3142,4
3143,3143,4
3144,3144,4
3145,3145,4
3146,3146,4
3147,3147,4
3148,3148,4
3149,3149,4
3150,3150,4
3151,3151,4
3152,3152,4
3153,3153,4
3154,3154,4
3155,3155,4
3156,3156,4
3157,3157,4
3158,3158,4
3159,3159,4
3160,3160,4
3161,3161,4
3162,3162,4
3163,3163,4
3164,3164,4
3165,3165,4
3166,3166,4
3167,3167,4
3168,3168,4
3169,3169,4
3170,3170,4
3171,3171,4
3172,3172,4
3173,3173,4
3174,3174,4
3175,3175,4
3176,3176,4
3177,3177,4
3178,3178,4
3179,3179,4
3180,3180,4
3181,3181,4
3182,3182,4
3183,3183,4
3184,3184,4
3185,3185,4
3186,3186,4
3187,3187,4
3188,3188,4
3189,3189,4
3190,3190,4
3191,3191,4
3192,3192,4
3193,3193,4
3194,3194,4
3195,3195,4
3196,3196,4
3197,3197,4
3198,3198,4
3199,3199,4
3200,3200,4
3201,3201,4
3202,3202,4
3203,3203,4
3204,3204,4
3205,3205,4
3206,3206,4
3207,3207,4
3208,3208,4
3209,3209,4
3210,3210,4
3211,3211,4
3212,3212,4
3213,3213,4
3214,3214,4
3215,3215,4
3216,3216,4
3217,3217,4
3218,3218,4
3219,3219,4
3220,3220,4
3221,3221,4
3222,3222,4
3223,3223,4
3224,3224,4
3225,3225,4
3226,3226,4
3227,3227,4
3228,3228,4
3229,3229,4
3230,3230,4
3231,3231,4
3232,3232,4
3233,3233,4
3234,3234,4
3235,3235,4
3236,3236,4
3237,3237,4
3238,3238,4
3239,3239,4
3240,3240,4
3241,3241,4
3242,3242,4
3243,3243,4
3244,3244,4
3245,3245,4
3246,3246,4
3247,3247,4
3248,3248,4
3249,3249,4
3250,3250,4
3251,3251,4
3252,3252,4
3253,3253,4
3254,3254,4
3255,3255,4
3256,3256,4
3257,3257,4
3258,3258,4
3259,3259,4
3260,3260,4
3261,3261,4
3262,3262,4
3263,3263,4
3264,3264,4
3265,3265,4
3266,3266,4
3267,3267,4
3268,3268,4
3269,3269,4
3270,3270,4
3271,3271,4
3272,3272,4
3273,3273,4
3274,3274,4
3275,3275,4
3276,3276,4
3277,3277,4
3278,3278,4
3279,3279,4
3280,3280,4
3281,3281,4
3282,3282,4
3283,3283,4
3284,3284,4
3285,3285,4
3286,3286,4
3287,3287,4
3288,3288,4
3289,3289,4
3290,3290,4
3291,3291,4
3292,3292,4
3293,3293,4
3294,3294,4
3295,3295,4
3296,3296,4
3297,3297,4
3298,3298,4
3299,3299,4
3300,3300,4
3301,3301,4
3302,3302,4
3303,3303,4
3304,3304,4
3305,3305,4
3306,3306,4
3307,3307,4
3308,3308,4
3309,3309,4
3310,3310,4
3311,3311,4
3312,3312,4
3313,3313,4
3314,3314,4
3315,3315,4
3316,3316,4
3317,3317,4
3318,3318,4
3319,3319,4
3320,3320,4
3321,3321,4
3322,3322,4
3323,3323,4
3324,3324,4
3325,3325,4
3326,3326,4
3327,3327,4
3328,3328,4
3329,3329,4
3330,3330,4
3331,3331,4
3332,3332,4
3333,3333,4
3334,3334,4
3335,3335,4
3336,3336,4
3337,3337,4
3338,3338,4
3339,3339,4
3340,3340,4
3341,3341,4
3342,3342,4
3343,3343,4
3344,3344,4
3345,3345,4
3346,3346,4
3347,3347,4
3348,3348,4
3349,3349,4
3350,3350,4
3351,3351,4
3352,3352,4
3353,3353,4
3354,3354,4
3355,3355,4
3356,3356,4
3357,3357,4
3358,3358,4
3359,3359,4
3360,3360,4
3361,3361,4
3362,3362,4
3363,3363,4
3364,3364,4
3365,3365,4
3366,3366,4
3367,3367,4
3368,3368,4
3369,3369,4
3370,3370,4
3371,3371,4
3372,3372,4
3373,3373,4
3374,3374,4
3375,3375,4
3376,3376,4
3377,3377,4
3378,3378,4
3379,3379,4
3380,3380,4
3381,3381,4
3382,3382,4
3383,3383,4
3384,3384,4
3385,3385,4
3386,3386,4
3387,3387,4
3388,3388,4
3389,3389,4
3390,3390,4
3391,3391,4
3392,3392,4
3393,3393,4
3394,3394,4
3395,3395,4
3396,3396,4
3397,3397,4
3398,3398,4
3399,3399,4
3400,3400,4
3401,3401,4
3402,3402,4
3403,3403,4
3404,3404,4
3405,3405,4
3406,3406,4
3407,3407,4
3408,3408,4
3409,3409,4
3410,3410,4
3411,3411,4
3412,3412,4
3413,3413,4
3414,3414,4
3415,3415,4
3416,3416,4
3417,3417,4
3418,3418,4
3419,3419,4
3420,3420,4
3421,3421,4
3422,3422,4
3423,3423,4
3424,3424,4
3425,3425,4
3426,3426,4
3427,3427,4
3428,3428,4
3429,3429,4
3430,3430,4
3431,3431,4
3432,3432,4
3433,3433,4
3434,3434,4
3435,3435,4
3436,3436,4
3437,3437,4
3438,3438,4
3439,3439,4
3440,3440,4
3441,3441,4
3442,3442,4
3443,3443,4
3444,3444,4
3445,3445,4
3446,3446,4
3447,3447,4
3448,3448,4
3449,3449,4
3450,3450,4
3451,3451,4
3452,3452,4
3453,3453,4
3454,3454,4
3455,3455,4
3456,3456,4
3457,3457,4
3458,3458,4
3459,3459,4
3460,3460,4
3461,3461,4
3462,3462,4
3463,3463,4
3464,3464,4
3465,3465,4
3466,3466,4
3467,3467,4
3468,3468,4
3469,3469,4
3470,3470,4
3471,3471,4
3472,3472,4
3473,3473,4
3474,3474,4
3475,3475,4
3476,3476,4
3477,3477,4
3478,3478,4
3479,3479,4
3480,3480,4
3481,3481,4
3482,3482,4
3483,3483,4
3484,3484,4
3485,3485,4
3486,3486,4
3487,3487,4
3488,3488,4
3489,3489,4
3490,3490,4
3491,3491,4
3492,3492,4
3493,3493,4
3494,3494,4
3495,3495,4
3496,3496,4
3497,3497,4
3498,3498,4
3499,3499,4
3500,3500,4
3501,3501,4
3502,3502,4
3503,3503,4
3504,3504,4
3505,3505,4
3506,3506,4
3507,3507,4
3508,3508,4
3509,3509,4
3510,3510,4
3511,3511,4
3512,3512,4
3513,3513,4
3514,3514,4
3515,3515,4
3516,3516,4
3517,3517,4
3518,3518,4
3519,3519,4
3520,3520,4
3521,3521,4
3522,3522,4
3523,3523,4
3524,3524,4
3525,3525,4
3526,3526,4
3527,3527,4
3528,3528,4
3529,3529,4
3530,3530,4
3531,3531,4
3532,3532,4
3533,3533,4
3534,3534,4
3535,3535,4
3536,3536,4
3537,3537,4
3538,3538,4
3539,3539,4
3540,3540,4
3541,3541,4
3542,3542,4
3543,3543,4
3544,3544,4
3545,3545,4
3546,3546,4
3547,3547,4
3548,3548,4
3549,3549,4
3550,3550,4
3551,3551,4
3552,3552,4
3553,3553,4
3554,3554,4
3555,3555,4
3556,3556,4
3557,3557,4
3558,3558,4
3559,3559,4
3560,3560,4
3561,3561,4
3562,3562,4
3563,3563,4
3564,3564,4
3565,3565,4
3566,3566,4
3567,3567,4
3568,3568,4
3569,3569,4
3570,3570,4
3571,3571,4
3572,3572,4
3573,3573,4
3574,3574,4
3575,3575,4
3576,3576,4
3577,3577,4
3578,3578,4
3579,3579,4
3580,3580,4
3581,3581,4
3582,3582,4
3583,3583,4
3584,3584,4
3585,3585,4
3586,3586,4
3587,3587,4
3588,3588,4
3589,3589,4
3590,3590,4
3591,3591,4
3592,3592,4
3593,3593,4
3594,3594,4
3595,3595,4
3596,3596,4
3597,3597,4
3598,3598,4
3599,3599,4
3600,3600,4
3601,3601,4
3602,3602,4
3603,3603,4
3604,3604,4
3605,3605,4
3606,3606,4
3607,3607,4
3608,3608,4
3609,3609,4
3610,3610,4
3611,3611,4
3612,3612,4
3613,3613,4
3614,3614,4
3615,3615,4
3616,3616,4
3617,3617,4
3618,3618,4
3619,3619,4
3620,3620,4
3621,3621,4
3622,3622,4
3623,3623,4
3624,3624,4
3625,3625,4
3626,3626,4
3627,3627,4
3628,3628,4
3629,3629,4
3630,3630,4
3631,3631,4
3632,3632,4
3633,3633,4
3634,3634,4
3635,3635,4
3636,3636,4
3637,3637,4
3638,3638,4
3639,3639,4
3640,3640,4
3641,3641,4
3642,3642,4
3643,3643,4
3644,3644,4
3645,3645,4
3646,3646,4
3647,3647,4
3648,3648,4
3649,3649,4
3650,3650,4
3651,3651,4
3652,3652,4
3653,3653,4
3654,3654,4
3655,3655,4
3656,3656,4
3657,3657,4
3658,3658,4
3659,3659,4
3660,3660,4
3661,3661,4
3662,3662,4
3663,3663,4
3664,3664,4
3665,3665,4
3666,3666,4
3667,3667,4
3668,3668,4
3669,3669,4
3670,3670,4
3671,3671,4
3672,3672,4
3673,3673,4
3674,3674,4
3675,3675,4
3676,3676,4
3677,3677,4
3678,3678,4
3679,3679,4
3680,3680,4
3681,3681,4
3682,3682,4
3683,3683,4
3684,3684,4
3685,3685,4
3686,3686,4
3687,3687,4
3688,3688,4
3689,3689,4
3690,3690,4
3691,3691,4
3692,3692,4
3693,3693,4
3694,3694,4
3695,3695,4
3696,3696,4
3697,3697,4
3698,3698,4
3699,3699,4
3700,3700,4
3701,3701,4
3702,3702,4
3703,3703,4
3704,3704,4
3705,3705,4
3706,3706,4
3707,3707,4
3708,3708,4
3709,3709,4
3710,3710,4
3711,3711,4
3712,3712,4
3713,3713,4
3714,3714,4
3715,3715,4
3716,3716,4
3717,3717,4
3718,3718,4
3719,3719,4
3720,3720,4
3721,3721,4
3722,3722,4
3723,3723,4
3724,3724,4
3725,3725,4
3726,3726,4
3727,3727,4
3728,3728,4
3729,3729,4
3730,3730,4
3731,3731,4
3732,3732,4
3733,3733,4
3734,3734,4
3735,3735,4
3736,3736,4
3737,3737,4
3738,3738,4
3739,3739,4
3740,3740,4
3741,3741,4
3742,3742,4
3743,3743,4
3744,3744,4
3745,3745,4
3746,3746,4
3747,3747,4
3748,3748,4
3749,3749,4
3750,3750,4
3751,3751,4
3752,3752,4
3753,3753,4
3754,3754,4
3755,3755,4
3756,3756,4
3757,3757,4
3758,3758,4
3759,3759,4
3760,3760,4
3761,3761,4
3762,3762,4
3763,3763,4
3764,3764,4
3765,3765,4
3766,3766,4
3767,3767,4
3768,3768,4
3769,3769,4
3770,3770,4
3771,3771,4
3772,3772,4
3773,3773,4
3774,3774,4
3775,3775,4
3776,3776,4
3777,3777,4
3778,3778,4
3779,3779,4
3780,3780,4
3781,3781,4
3782,3782,4
3783,3783,4
3784,3784,4
3785,3785,4
3786,3786,4
3787,3787,4
3788,3788,4
3789,3789,4
3790,3790,4
3791,3791,4
3792,3792,4
3793,3793,4
3794,3794,4
3795,3795,4
3796,3796,4
3797,3797,4
3798,3798,4
3799,3799,4
3800,3800,4
3801,3801,4
3802,3802,4
3803,3803,4
3804,3804,4
3805,3805,4
3806,3806,4
3807,3807,4
3808,3808,4
3809,3809,4
3810,3810,4
3811,3811,4
3812,3812,4
3813,3813,4
3814,3814,4
3815,3815,4
3816,3816,4
3817,3817,4
3818,3818,4
3819,3819,4
3820,3820,4
3821,3821,4
3822,3822,4
3823,3823,4
3824,3824,4
3825,3825,4
3826,3826,4
3827,3827,4
3828,3828,4
3829,3829,4
3830,3830,4
3831,3831,4
3832,3832,4
3833,3833,4
3834,3834,4
3835,3835,4
3836,3836,4
3837,3837,4
3838,3838,4
3839,3839,4
3840,3840,4
3841,3841,4
3842,3842,4
3843,3843,4
3844,3844,4
3845,3845,4
3846,3846,4
3847,3847,4
3848,3848,4
3849,3849,4
3850,3850,4
3851,3851,4
3852,3852,4
3853,3853,4
3854,3854,4
3855,3855,4
3856,3856,4
3857,3857,4
3858,3858,4
3859,3859,4
3860,3860,4
3861,3861,4
3862,3862,4
3863,3863,4
3864,3864,4
3865,3865,4
3866,3866,4
3867,3867,4
3868,3868,4
3869,3869,4
3870,3870,4
3871,3871,4
3872,3872,4
3873,3873,4
3874,3874,4
3875,3875,4
3876,3876,4
3877,3877,4
3878,3878,4
3879,3879,4
3880,3880,4
3881,3881,4
3882,3882,4
3883,3883,4
3884,3884,4
3885,3885,4
3886,3886,4
3887,3887,4
3888,3888,4
3889,3889,4
3890,3890,4
3891,3891,4
3892,3892,4
3893,3893,4
3894,3894,4
3895,3895,4
3896,3896,4
3897,3897,4
3898,3898,4
3899,3899,4
3900,3900,4
3901,3901,4
3902,3902,4
3903,3903,4
3904,3904,4
3905,3905,4
3906,3906,4
3907,3907,4
3908,3908,4
3909,3909,4
3910,3910,4
3911,3911,4
3912,3912,4
3913,3913,4
3914,3914,4
3915,3915,4
3916,3916,4
3917,3917,4
3918,3918,4
3919,3919,4
3920,3920,4
3921,3921,4
3922,3922,4
3923,3923,4
3924,3924,4
3925,3925,4
3926,3926,4
3927,3927,4
3928,3928,4
3929,3929,4
3930,3930,4
3931,3931,4
3932,3932,4
3933,3933,4
3934,3934,4
3935,3935,4
3936,3936,4
3937,3937,4
3938,3938,4
3939,3939,4
3940,3940,4
3941,3941,4
3942,3942,4
3943,3943,4
3944,3944,4
3945,3945,4
3946,3946,4
3947,3947,4
3948,3948,4
3949,3949,4
3950,3950,4
3951,3951,4
3952,3952,4
3953,3953,4
3954,3954,4
3955,3955,4
3956,3956,4
3957,3957,4
3958,3958,4
3959,3959,4
3960,3960,4
3961,3961,4
3962,3962,4
3963,3963,4
3964,3964,4
3965,3965,4
3966,3966,4
3967,3967,4
3968,3968,4
3969,3969,4
3970,3970,4
3971,3971,4
3972,3972,4
3973,3973,4
3974,3974,4
3975,3975,4
3976,3976,4
3977,3977,4
3978,3978,4
3979,3979,4
3980,3980,4
3981,3981,4
3982,3982,4
3983,3983,4
3984,3984,4
3985,3985,4
3986,3986,4
3987,3987,4
3988,3988,4
3989,3989,4
3990,3990,4
3991,3991,4
3992,3992,4
3993,3993,4
3994,3994,4
3995,3995,4
3996,3996,4
3997,3997,4
3998,3998,4
3999,3999,4
4000,4000,4
4001,4001,4
4002,4002,4
4003,4003,4
4004,4004,4
4005,4005,4
4006,4006,4
4007,4007,4
4008,4008,4
4009,4009,4
4010,4010,4
4011,4011,4
4012,4012,4
4013,4013,4
4014,4014,4
4015,4015,4
4016,4016,4
4017,4017,4
4018,4018,4
4019,4019,4
4020,4020,4
4021,4021,4
4022,4022,4
4023,4023,4
4024,4024,4
4025,4025,4
4026,4026,4
4027,4027,4
4028,4028,4
4029,4029,4
4030,4030,4
4031,4031,4
4032,4032,4
4033,4033,4
4034,4034,4
4035,4035,4
4036,4036,4
4037,4037,4
4038,4038,4
4039,4039,4
4040,4040,4
4041,4041,4
4042,4042,4
4043,4043,4
4044,4044,4
4045,4045,4
4046,4046,4
4047,4047,4
4048,4048,4
4049,4049,4
4050,4050,4
4051,4051,4
4052,4052,4
4053,4053,4
4054,4054,4
4055,4055,4
4056,4056,4
4057,4057,4
4058,4058,4
4059,4059,4
4060,4060,4
4061,4061,4
4062,4062,4
4063,4063,4
4064,4064,4
4065,4065,4
4066,4066,4
4067,4067,4
4068,4068,4
4069,4069,4
4070,4070,4
4071,4071,4
4072,4072,4
4073,4073,4
4074,4074,4
4075,4075,4
4076,4076,4
4077,4077,4
4078,4078,4
4079,4079,4
4080,4080,4
4081,4081,4
4082,4082,4
4083,4083,4
4084,4084,4
4085,4085,4
4086,4086,4
4087,4087,4
4088,4088,4
4089,4089,4
4090,4090,4
4091,4091,4
4092,4092,4
4093,4093,4
4094,4094,4
4095,4095,4
4096,4096,4
4097,4097,4
4098,4098,4
4099,4099,4
4100,4100,4
4101,4101,4
4102,4102,4
4103,4103,4
4104,4104,4
4105,4105,4
4106,4106,4
4107,4107,4
4108,4108,4
4109,4109,4
4110,4110,4
4111,4111,4
4112,4112,4
4113,4113,4
4114,4114,4
4115,4115,4
4116,4116,4
4117,4117,4
4118,4118,4
4119,4119,4
4120,4120,4
4121,4121,4
4122,4122,4
4123,4123,4
4124,4124,4
4125,4125,4
4126,4126,4
4127,4127,4
4128,4128,4
4129,4129,4
4130,4130,4
4131,4131,4
4132,4132,4
4133,4133,4
4134,4134,4
4135,4135,4
4136,4136,4
4137,4137,4
4138,4138,4
4139,4139,4
4140,4140,4
4141,4141,4
4142,4142,4
4143,4143,4
4144,4144,4
4145,4145,4
4146,4146,4
4147,4147,4
4148,4148,4
4149,4149,4
4150,4150,4
4151,4151,4
4152,4152,4
4153,4153,4
4154,4154,4
4155,4155,4
4156,4156,4
4157,4157,4
4158,4158,4
4159,4159,4
4160,4160,4
4161,4161,4
4162,4162,4
4163,4163,4
4164,4164,4
4165,4165,4
4166,4166,4
4167,4167,4
4168,4168,4
4169,4169,4
4170,4170,4
4171,4171,4
4172,4172,4
4173,4173,4
4174,4174,4
4175,4175,4
4176,4176,4
4177,4177,4
4178,4178,4
4179,4179,4
4180,4180,4
4181,4181,4
4182,4182,4
4183,4183,4
4184,4184,4
4185,4185,4
4186,4186,4
4187,4187,4
4188,4188,4
4189,4189,4
4190,4190,4
4191,4191,4
4192,4192,4
4193,4193,4
4194,4194,4
4195,4195,4
4196,4196,4
4197,4197,4
4198,4198,4
4199,4199,4
4200,4200,4
4201,4201,4
4202,4202,4
4203,4203,4
4204,4204,4
4205,4205,4
4206,4206,4
4207,4207,4
4208,4208,4
4209,4209,4
4210,4210,4
4211,4211,4
4212,4212,4
4213,4213,4
4214,4214,4
4215,4215,4
4216,4216,4
4217,4217,4
4218,4218,4
4219,4219,4
4220,4220,4
4221,4221,4
4222,4222,4
4223,4223,4
4224,4224,4
4225,4225,4
4226,4226,4
4227,4227,4
4228,4228,4
4229,4229,4
4230,4230,4
4231,4231,4
4232,4232,4
4233,4233,4
4234,4234,4
4235,4235,4
4236,4236,4
4237,4237,4
4238,4238,4
4239,4239,4
4240,4240,4
4241,4241,4
4242,4242,4
4243,4243,4
4244,4244,4
4245,4245,4
4246,4246,4
4247,4247,4
4248,4248,4
4249,4249,4
4250,4250,4
4251,4251,4
4252,4252,4
4253,4253,4
4254,4254,4
4255,4255,4
4256,4256,4
4257,4257,4
4258,4258,4
4259,4259,4
4260,4260,4
4261,4261,4
4262,4262,4
4263,4263,4
4264,4264,4
4265,4265,4
4266,4266,4
4267,4267,4
4268,4268,4
4269,4269,4
4270,4270,4
4271,4271,4
4272,4272,4
4273,4273,4
4274,4274,4
4275,4275,4
4276,4276,4
4277,4277,4
4278,4278,4
4279,4279,4
4280,4280,4
4281,4281,4
4282,4282,4
4283,4283,4
4284,4284,4
4285,4285,4
4286,4286,4
4287,4287,4
4288,4288,4
4289,4289,4
4290,4290,4
4291,4291,4
4292,4292,4
4293,4293,4
4294,4294,4
4295,4295,4
4296,4296,4
4297,4297,4
4298,4298,4
4299,4299,4
4300,4300,4
4301,4301,4
4302,4302,4
4303,4303,4
4304,4304,4
4305,4305,4
4306,4306,4
4307,4307,4
4308,4308,4
4309,4309,4
4310,4310,4
4311,4311,4
4312,4312,4
4313,4313,4
4314,4314,4
4315,4315,4
4316,4316,4
4317,4317,4
4318,4318,4
4319,4319,4
4320,4320,4
4321,4321,4
4322,4322,4
4323,4323,4
4324,4324,4
4325,4325,4
4326,4326,4
4327,4327,4
4328,4328,4
4329,4329,4
4330,4330,4
4331,4331,4
4332,4332,4
4333,4333,4
4334,4334,4
4335,4335,4
4336,4336,4
4337,4337,4
4338,4338,4
4339,4339,4
4340,4340,4
4341,4341,4
4342,4342,4
4343,4343,4
4344,4344,4
4345,4345,4
4346,4346,4
4347,4347,4
4348,4348,4
4349,4349,4
4350,4350,4
4351,4351,4
4352,4352,4
4353,4353,4
4354,4354,4
4355,4355,4
4356,4356,4
4357,4357,4
4358,4358,4
4359,4359,4
4360,4360,4
4361,4361,4
4362,4362,4
4363,4363,4
4364,4364,4
4365,4365,4
4366,4366,4
4367,4367,4
4368,4368,4
4369,4369,4
4370,4370,4
4371,4371,4
4372,4372,4
4373,4373,4
4374,4374,4
4375,4375,4
4376,4376,4
4377,4377,4
4378,4378,4
4379,4379,4
4380,4380,4
4381,4381,4
4382,4382,4
4383,4383,4
4384,4384,4
4385,4385,4
4386,4386,4
4387,4387,4
4388,4388,4
4389,4389,4
4390,4390,4
4391,4391,4
4392,4392,4
4393,4393,4
4394,4394,4
4395,4395,4
4396,4396,4
4397,4397,4
4398,4398,4
4399,4399,4
4400,4400,4
4401,4401,4
4402,4402,4
4403,4403,4
4404,4404,4
4405,4405,4
4406,4406,4
4407,4407,4
4408,4408,4
4409,4409,4
4410,4410,4
4411,4411,4
4412,4412,4
4413,4413,4
4414,4414,4
4415,4415,4
4416,4416,4
4417,4417,4
4418,4418,4
4419,4419,4
4420,4420,4
4421,4421,4
4422,4422,4
4423,4423,4
4424,4424,4
4425,4425,4
4426,4426,4
4427,4427,4
4428,4428,4
4429,4429,4
4430,4430,4
4431,4431,4
4432,4432,4
4433,4433,4
4434,4434,4
4435,4435,4
4436,4436,4
4437,4437,4
4438,4438,4
4439,4439,4
4440,4440,4
4441,4441,4
4442,4442,4
4443,4443,4
4444,4444,4
4445,4445,4
4446,4446,4
4447,4447,4
4448,4448,4
4449,4449,4
4450,4450,4
4451,4451,4
4452,4452,4
4453,4453,4
4454,4454,4
4455,4455,4
4456,4456,4
4457,4457,4
4458,4458,4
4459,4459,4
4460,4460,4
4461,4461,4
4462,4462,4
4463,4463,4
4464,4464,4
4465,4465,4
4466,4466,4
4467,4467,4
4468,4468,4
4469,4469,4
4470,4470,4
4471,4471,4
4472,4472,4
4473,4473,4
4474,4474,4
4475,4475,4
4476,4476,4
4477,4477,4
4478,4478,4
4479,4479,4
4480,4480,4
4481,4481,4
4482,4482,4
4483,4483,4
4484,4484,4
4485,4485,4
4486,4486,4
4487,4487,4
4488,4488,4
4489,4489,4
4490,4490,4
4491,4491,4
4492,4492,4
4493,4493,4
4494,4494,4
4495,4495,4
4496,4496,4
4497,4497,4
4498,4498,4
4499,4499,4
4500,4500,4
4501,4501,4
4502,4502,4
4503,4503,4
4504,4504,4
4505,4505,4
4506,4506,4
4507,4507,4
4508,4508,4
4509,4509,4
4510,4510,4
4511,4511,4
4512,4512,4
4513,4513,4
4514,4514,4
4515,4515,4
4516,4516,4
4517,4517,4
4518,4518,4
4519,4519,4
4520,4520,4
4521,4521,4
4522,4522,4
4523,4523,4
4524,4524,4
4525,4525,4
4526,4526,4
4527,4527,4
4528,4528,4
4529,4529,4
4530,4530,4
4531,4531,4
4532,4532,4
4533,4533,4
4534,4534,4
4535,4535,4
4536,4536,4
4537,4537,4
4538,4538,4
4539,4539,4
4540,4540,4
4541,4541,4
4542,4542,4
4543,4543,4
4544,4544,4
4545,4545,4
4546,4546,4
4547,4547,4
4548,4548,4
4549,4549,4
4550,4550,4
4551,4551,4
4552,4552,4
4553,4553,4
4554,4554,4
4555,4555,4
4556,4556,4
4557,4557,4
4558,4558,4
4559,4559,4
4560,4560,4
4561,4561,4
4562,4562,4
4563,4563,4
4564,4564,4
4565,4565,4
4566,4566,4
4567,4567,4
4568,4568,4
4569,4569,4
4570,4570,4
4571,4571,4
4572,4572,4
4573,4573,4
4574,4574,4
4575,4575,4
4576,4576,4
4577,4577,4
4578,4578,4
4579,4579,4
4580,4580,4
4581,4581,4
4582,4582,4
4583,4583,4
4584,4584,4
4585,4585,4
4586,4586,4
4587,4587,4
4588,4588,4
4589,4589,4
4590,4590,4
4591,4591,4
4592,4592,4
4593,4593,4
4594,4594,4
4595,4595,4
4596,4596,4
4597,4597,4
4598,4598,4
4599,4599,4
4600,4600,4
4601,4601,4
4602,4602,4
4603,4603,4
4604,4604,4
4605,4605,4
4606,4606,4
4607,4607,4
4608,4608,4
4609,4609,4
4610,4610,4
4611,4611,4
4612,4612,4
4613,4613,4
4614,4614,4
4615,4615,4
4616,4616,4
4617,4617,4
4618,4618,4
4619,4619,4
4620,4620,4
4621,4621,4
4622,4622,4
4623,4623,4
4624,4624,4
4625,4625,4
4626,4626,4
4627,4627,4
4628,4628,4
4629,4629,4
4630,4630,4
4631,4631,4
4632,4632,4
4633,4633,4
4634,4634,4
4635,4635,4
4636,4636,4
4637,4637,4
4638,4638,4
4639,4639,4
4640,4640,4
4641,4641,4
4642,4642,4
4643,4643,4
4644,4644,4
4645,4645,4
4646,4646,4
4647,4647,4
4648,4648,4
4649,4649,4
4650,4650,4
4651,4651,4
4652,4652,4
4653,4653,4
4654,4654,4
4655,4655,4
4656,4656,4
4657,4657,4
4658,4658,4
4659,4659,4
4660,4660,4
4661,4661,4
4662,4662,4
4663,4663,4
4664,4664,4
4665,4665,4
4666,4666,4
4667,4667,4
4668,4668,4
4669,4669,4
4670,4670,4
4671,4671,4
4672,4672,4
4673,4673,4
4674,4674,4
4675,4675,4
4676,4676,4
4677,4677,4
4678,4678,4
4679,4679,4
4680,4680,4
4681,4681,4
4682,4682,4
4683,4683,4
4684,4684,4
4685,4685,4
4686,4686,4
4687,4687,4
4688,4688,4
4689,4689,4
4690,4690,4
4691,4691,4
4692,4692,4
4693,4693,4
4694,4694,4
4695,4695,4
4696,4696,4
4697,4697,4
4698,4698,4
4699,4699,4
4700,4700,4
4701,4701,4
4702,4702,4
4703,4703,4
4704,4704,4
4705,4705,4
4706,4706,4
4707,4707,4
4708,4708,4
4709,4709,4
4710,4710,4
4711,4711,4
4712,4712,4
4713,4713,4
4714,4714,4
4715,4715,4
4716,4716,4
4717,4717,4
4718,4718,4
4719,4719,4
4720,4720,4
4721,4721,4
4722,4722,4
4723,4723,4
4724,4724,4
4725,4725,4
4726,4726,4
4727,4727,4
4728,4728,4
4729,4729,4
4730,4730,4
4731,4731,4
4732,4732,4
4733,4733,4
4734,4734,4
4735,4735,4
4736,4736,4
4737,4737,4
4738,4738,4
4739,4739,4
4740,4740,4
4741,4741,4
4742,4742,4
4743,4743,4
4744,4744,4
4745,4745,4
4746,4746,4
4747,4747,4
4748,4748,4
4749,4749,4
4750,4750,4
4751,4751,4
4752,4752,4
4753,4753,4
4754,4754,4
4755,4755,4
4756,4756,4
4757,4757,4
4758,4758,4
4759,4759,4
4760,4760,4
4761,4761,4
4762,4762,4
4763,4763,4
4764,4764,4
4765,4765,4
4766,4766,4
4767,4767,4
4768,4768,4
4769,4769,4
4770,4770,4
4771,4771,4
4772,4772,4
4773,4773,4
4774,4774,4
4775,4775,4
4776,4776,4
4777,4777,4
4778,4778,4
4779,4779,4
4780,4780,4
4781,4781,4
4782,4782,4
4783,4783,4
4784,4784,4
4785,4785,4
4786,4786,4
4787,4787,4
4788,4788,4
4789,4789,4
4790,4790,4
4791,4791,4
4792,4792,4
4793,4793,4
4794,4794,4
4795,4795,4
4796,4796,4
4797,4797,4
4798,4798,4
4799,4799,4
4800,4800,4
4801,4801,4
4802,4802,4
4803,4803,4
4804,4804,4
4805,4805,4
4806,4806,4
4807,4807,4
4808,4808,4
4809,4809,4
4810,4810,4
4811,4811,4
4812,4812,4
4813,4813,4
4814,4814,4
4815,4815,4
4816,4816,4
4817,4817,4
4818,4818,4
4819,4819,4
4820,4820,4
4821,4821,4
4822,4822,4
4823,4823,4
4824,4824,4
4825,4825,4
4826,4826,4
4827,4827,4
4828,4828,4
4829,4829,4
4830,4830,4
4831,4831,4
4832,4832,4
4833,4833,4
4834,4834,4
4835,4835,4
4836,4836,4
4837,4837,4
4838,4838,4
4839,4839,4
4840,4840,4
4841,4841,4
4842,4842,4
4843,4843,4
4844,4844,4
4845,4845,4
4846,4846,4
4847,4847,4
4848,4848,4
4849,4849,4
4850,4850,4
4851,4851,4
4852,4852,4
4853,4853,4
4854,4854,4
4855,4855,4
4856,4856,4
4857,4857,4
4858,4858,4
4859,4859,4
4860,4860,4
4861,4861,4
4862,4862,4
4863,4863,4
4864,4864,4
4865,4865,4
4866,4866,4
4867,4867,4
4868,4868,4
4869,4869,4
4870,4870,4
4871,4871,4
4872,4872,4
4873,4873,4
4874,4874,4
4875,4875,4
4876,4876,4
4877,4877,4
4878,4878,4
4879,4879,4
4880,4880,4
4881,4881,4
4882,4882,4
4883,4883,4
4884,4884,4
4885,4885,4
4886,4886,4
4887,4887,4
4888,4888,4
4889,4889,4
4890,4890,4
4891,4891,4
4892,4892,4
4893,4893,4
4894,4894,4
4895,4895,4
4896,4896,4
4897,4897,4
4898,4898,4
4899,4899,4
4900,4900,4
4901,4901,4
4902,4902,4
4903,4903,4
4904,4904,4
4905,4905,4
4906,4906,4
4907,4907,4
4908,4908,4
4909,4909,4
4910,4910,4
4911,4911,4
4912,4912,4
4913,4913,4
4914,4914,4
4915,4915,4
4916,4916,4
4917,4917,4
4918,4918,4
4919,4919,4
4920,4920,4
4921,4921,4
4922,4922,4
4923,4923,4
4924,4924,4
4925,4925,4
4926,4926,4
4927,4927,4
4928,4928,4
4929,4929,4
4930,4930,4
4931,4931,4
4932,4932,4
4933,4933,4
4934,4934,4
4935,4935,4
4936,4936,4
4937,4937,4
4938,4938,4
4939,4939,4
4940,4940,4
4941,4941,4
4942,4942,4
4943,4943,4
4944,4944,4
4945,4945,4
4946,4946,4
4947,4947,4
4948,4948,4
4949,4949,4
4950,4950,4
4951,4951,4
4952,4952,4
4953,4953,4
4954,4954,4
4955,4955,4
4956,4956,4
4957,4957,4
4958,4958,4
4959,4959,4
4960,4960,4
4961,4961,4
4962,4962,4
4963,4963,4
4964,4964,4
4965,4965,4
4966,4966,4
4967,4967,4
4968,4968,4
4969,4969,4
4970,4970,4
4971,4971,4
4972,4972,4
4973,4973,4
4974,4974,4
4975,4975,4
4976,4976,4
4977,4977,4
4978,4978,4
4979,4979,4
4980,4980,4
4981,4981,4
4982,4982,4
4983,4983,4
4984,4984,4
4985,4985,4
4986,4986,4
4987,4987,4
4988,4988,4
4989,4989,4
4990,4990,4
4991,4991,4
4992,4992,4
4993,4993,4
4994,4994,4
4995,4995,4
4996,4996,4
4997,4997,4
4998,4998,4
4999,4999,4
5000,5000,4
5001,5001,4
5002,5002,4
5003,5003,4
5004,5004,4
5005,5005,4
5006,5006,4
5007,5007,4
5008,5008,4
5009,5009,4
5010,5010,4
5011,5011,4
5012,5012,4
5013,5013,4
5014,5014,4
5015,5015,4
5016,5016,4
5017,5017,4
5018,5018,4
5019,5019,4
5020,5020,4
5021,5021,4
5022,5022,4
5023,5023,4
5024,5024,4
5025,5025,4
5026,5026,4
5027,5027,4
5028,5028,4
5029,5029,4
5030,5030,4
5031,5031,4
5032,5032,4
5033,5033,4
5034,5034,4
5035,5035,4
5036,5036,4
5037,5037,4
5038,5038,4
5039,5039,4
5040,5040,4
5041,5041,4
5042,5042,4
5043,5043,4
5044,5044,4
5045,5045,4
5046,5046,4
5047,5047,4
5048,5048,4
5049,5049,4
5050,5050,4
5051,5051,4
5052,5052,4
5053,5053,4
5054,5054,4
5055,5055,4
5056,5056,4
5057,5057,4
5058,5058,4
5059,5059,4
5060,5060,4
5061,5061,4
5062,5062,4
5063,5063,4
5064,5064,4
5065,5065,4
5066,5066,4
5067,5067,4
5068,5068,4
5069,5069,4
5070,5070,4
5071,5071,4
5072,5072,4
5073,5073,4
5074,5074,4
5075,5075,4
5076,5076,4
5077,5077,4
5078,5078,4
5079,5079,4
5080,5080,4
5081,5081,4
5082,5082,4
5083,5083,4
5084,5084,4
5085,5085,4
5086,5086,4
5087,5087,4
5088,5088,4
5089,5089,4
5090,5090,4
5091,5091,4
5092,5092,4
5093,5093,4
5094,5094,4
5095,5095,4
5096,5096,4
5097,5097,4
5098,5098,4
5099,5099,4
5100,5100,4
5101,5101,4
5102,5102,4
5103,5103,4
5104,5104,4
5105,5105,4
5106,5106,4
5107,5107,4
5108,5108,4
5109,5109,4
5110,5110,4
5111,5111,4
5112,5112,4
5113,5113,4
5114,5114,4
5115,5115,4
5116,5116,4
5117,5117,4
5118,5118,4
5119,5119,4
5120,5120,4
5121,5121,4
5122,5122,4
5123,5123,4
5124,5124,4
5125,5125,4
5126,5126,4
5127,5127,4
5128,5128,4
5129,5129,4
5130,5130,4
5131,5131,4
5132,5132,4
5133,5133,4
5134,5134,4
5135,5135,4
5136,5136,4
5137,5137,4
5138,5138,4
5139,5139,4
5140,5140,4
5141,5141,4
5142,5142,4
5143,5143,4
5144,5144,4
5145,5145,4
5146,5146,4
5147,5147,4
5148,5148,4
5149,5149,4
5150,5150,4
5151,5151,4
5152,5152,4
5153,5153,4
5154,5154,4
5155,5155,4
5156,5156,4
5157,5157,4
5158,5158,4
5159,5159,4
5160,5160,4
5161,5161,4
5162,5162,4
5163,5163,4
5164,5164,4
5165,5165,4
5166,5166,4
5167,5167,4
5168,5168,4
5169,5169,4
5170,5170,4
5171,5171,4
5172,5172,4
5173,5173,4
5174,5174,4
5175,5175,4
5176,5176,4
5177,5177,4
5178,5178,4
5179,5179,4
5180,5180,4
5181,5181,4
5182,5182,4
5183,5183,4
5184,5184,4
5185,5185,4
5186,5186,4
5187,5187,4
5188,5188,4
5189,5189,4
5190,5190,4
5191,5191,4
5192,5192,4
5193,5193,4
5194,5194,4
5195,5195,4
5196,5196,4
5197,5197,4
5198,5198,4
5199,5199,4
5200,5200,4
5201,5201,4
5202,5202,4
5203,5203,4
5204,5204,4
5205,5205,4
5206,5206,4
5207,5207,4
5208,5208,4
5209,5209,4
5210,5210,4
5211,5211,4
5212,5212,4
5213,5213,4
5214,5214,4
5215,5215,4
5216,5216,4
5217,5217,4
5218,5218,4
5219,5219,4
5220,5220,4
5221,5221,4
5222,5222,4
5223,5223,4
5224,5224,4
5225,5225,4
5226,5226,4
5227,5227,4
5228,5228,4
5229,5229,4
5230,5230,4
5231,5231,4
5232,5232,4
5233,5233,4
5234,5234,4
5235,5235,4
5236,5236,4
5237,5237,4
5238,5238,4
5239,5239,4
5240,5240,4
5241,5241,4
5242,5242,4
5243,5243,4
5244,5244,4
5245,5245,4
5246,5246,4
5247,5247,4
5248,5248,4
5249,5249,4
5250,5250,4
5251,5251,4
5252,5252,4
5253,5253,4
5254,5254,4
5255,5255,4
5256,5256,4
5257,5257,4
5258,5258,4
5259,5259,4
5260,5260,4
5261,5261,4
5262,5262,4
5263,5263,4
5264,5264,4
5265,5265,4
5266,5266,4
5267,5267,4
5268,5268,4
5269,5269,4
5270,5270,4
5271,5271,4
5272,5272,4
5273,5273,4
5274,5274,4
5275,5275,4
5276,5276,4
5277,5277,4
5278,5278,4
5279,5279,4
5280,5280,4
5281,5281,4
5282,5282,4
5283,5283,4
5284,5284,4
5285,5285,4
5286,5286,4
5287,5287,4
5288,5288,4
5289,5289,4
5290,5290,4
5291,5291,4
5292,5292,4
5293,5293,4
5294,5294,4
5295,5295,4
5296,5296,4
5297,5297,4
5298,5298,4
5299,5299,4
5300,5300,4
5301,5301,4
5302,5302,4
5303,5303,4
5304,5304,4
5305,5305,4
5306,5306,4
5307,5307,4
5308,5308,4
5309,5309,4
5310,5310,4
5311,5311,4
5312,5312,4
5313,5313,4
5314,5314,4
5315,5315,4
5316,5316,4
5317,5317,4
5318,5318,4
5319,5319,4
5320,5320,4
5321,5321,4
5322,5322,4
5323,5323,4
5324,5324,4
5325,5325,4
5326,5326,4
5327,5327,4
5328,5328,4
5329,5329,4
5330,5330,4
5331,5331,4
5332,5332,4
5333,5333,4
5334,5334,4
5335,5335,4
5336,5336,4
5337,5337,4
5338,5338,4
5339,5339,4
5340,5340,4
5341,5341,4
5342,5342,4
5343,5343,4
5344,5344,4
5345,5345,4
5346,5346,4
5347,5347,4
5348,5348,4
5349,5349,4
5350,5350,4
5351,5351,4
5352,5352,4
5353,5353,4
5354,5354,4
5355,5355,4
5356,5356,4
5357,5357,4
5358,5358,4
5359,5359,4
5360,5360,4
5361,5361,4
5362,5362,4
5363,5363,4
5364,5364,4
5365,5365,4
5366,5366,4
5367,5367,4
5368,5368,4
5369,5369,4
5370,5370,4
5371,5371,4
5372,5372,4
5373,5373,4
5374,5374,4
5375,5375,4
5376,5376,4
5377,5377,4
5378,5378,4
5379,5379,4
5380,5380,4
5381,5381,4
5382,5382,4
5383,5383,4
5384,5384,4
5385,5385,4
5386,5386,4
5387,5387,4
5388,5388,4
5389,5389,4
5390,5390,4
5391,5391,4
5392,5392,4
5393,5393,4
5394,5394,4
5395,5395,4
5396,5396,4
5397,5397,4
5398,5398,4
5399,5399,4
5400,5400,4
5401,5401,4
5402,5402,4
5403,5403,4
5404,5404,4
5405,5405,4
5406,5406,4
5407,5407,4
5408,5408,4
5409,5409,4
5410,5410,4
5411,5411,4
5412,5412,4
5413,5413,4
5414,5414,4
5415,5415,4
5416,5416,4
5417,5417,4
5418,5418,4
5419,5419,4
5420,5420,4
5421,5421,4
5422,5422,4
5423,5423,4
5424,5424,4
5425,5425,4
5426,5426,4
5427,5427,4
5428,5428,4
5429,5429,4
5430,5430,4
5431,5431,4
5432,5432,4
5433,5433,4
5434,5434,4
5435,5435,4
5436,5436,4
5437,5437,4
5438,5438,4
5439,5439,4
5440,5440,4
5441,5441,4
5442,5442,4
5443,5443,4
5444,5444,4
5445,5445,4
5446,5446,4
5447,5447,4
5448,5448,4
5449,5449,4
5450,5450,4
5451,5451,4
5452,5452,4
5453,5453,4
5454,5454,4
5455,5455,4
5456,5456,4
5457,5457,4
5458,5458,4
5459,5459,4
5460,5460,4
5461,5461,4
5462,5462,4
5463,5463,4
5464,5464,4
5465,5465,4
5466,5466,4
5467,5467,4
5468,5468,4
5469,5469,4
5470,5470,4
5471,5471,4
5472,5472,4
5473,5473,4
5474,5474,4
5475,5475,4
5476,5476,4
5477,5477,4
5478,5478,4
5479,5479,4
5480,5480,4
5481,5481,4
5482,5482,4
5483,5483,4
5484,5484,4
5485,5485,4
5486,5486,4
5487,5487,4
5488,5488,4
5489,5489,4
5490,5490,4
5491,5491,4
5492,5492,4
5493,5493,4
5494,5494,4
5495,5495,4
5496,5496,4
5497,5497,4
5498,5498,4
5499,5499,4
5500,5500,4
5501,5501,4
5502,5502,4
5503,5503,4
5504,5504,4
5505,5505,4
5506,5506,4
5507,5507,4
5508,5508,4
5509,5509,4
5510,5510,4
5511,5511,4
5512,5512,4
5513,5513,4
5514,5514,4
5515,5515,4
5516,5516,4
5517,5517,4
5518,5518,4
5519,5519,4
5520,5520,4
5521,5521,4
5522,5522,4
5523,5523,4
5524,5524,4
5525,5525,4
5526,5526,4
5527,5527,4
5528,5528,4
5529,5529,4
5530,5530,4
5531,5531,4
5532,5532,4
5533,5533,4
5534,5534,4
5535,5535,4
5536,5536,4
5537,5537,4
5538,5538,4
5539,5539,4
5540,5540,4
5541,5541,4
5542,5542,4
5543,5543,4
5544,5544,4
5545,5545,4
5546,5546,4
5547,5547,4
5548,5548,4
5549,5549,4
5550,5550,4
5551,5551,4
5552,5552,4
5553,5553,4
5554,5554,4
5555,5555,4
5556,5556,4
5557,5557,4
5558,5558,4
5559,5559,4
5560,5560,4
5561,5561,4
5562,5562,4
5563,5563,4
5564,5564,4
5565,5565,4
5566,5566,4
5567,5567,4
5568,5568,4
5569,5569,4
5570,5570,4
5571,5571,4
5572,5572,4
5573,5573,4
5574,5574,4
5575,5575,4
5576,5576,4
5577,5577,4
5578,5578,4
5579,5579,4
5580,5580,4
5581,5581,4
5582,5582,4
5583,5583,4
5584,5584,4
5585,5585,4
5586,5586,4
5587,5587,4
5588,5588,4
5589,5589,4
5590,5590,4
5591,5591,4
5592,5592,4
5593,5593,4
5594,5594,4
5595,5595,4
5596,5596,4
5597,5597,4
5598,5598,4
5599,5599,4
5600,5600,4
5601,5601,4
5602,5602,4
5603,5603,4
5604,5604,4
5605,5605,4
5606,5606,4
5607,5607,4
5608,5608,4
5609,5609,4
5610,5610,4
5611,5611,4
5612,5612,4
5613,5613,4
5614,5614,4
5615,5615,4
5616,5616,4
5617,5617,4
5618,5618,4
5619,5619,4
5620,5620,4
5621,5621,4
5622,5622,4
5623,5623,4
5624,5624,4
5625,5625,4
5626,5626,4
5627,5627,4
5628,5628,4
5629,5629,4
5630,5630,4
5631,5631,4
5632,5632,4
5633,5633,4
5634,5634,4
5635,5635,4
5636,5636,4
5637,5637,4
5638,5638,4
5639,5639,4
5640,5640,4
5641,5641,4
5642,5642,4
5643,5643,4
5644,5644,4
5645,5645,4
5646,5646,4
5647,5647,4
5648,5648,4
5649,5649,4
5650,5650,4
5651,5651,4
5652,5652,4
5653,5653,4
5654,5654,4
5655,5655,4
5656,5656,4
5657,5657,4
5658,5658,4
5659,5659,4
5660,5660,4
5661,5661,4
5662,5662,4
5663,5663,4
5664,5664,4
5665,5665,4
5666,5666,4
5667,5667,4
5668,5668,4
5669,5669,4
5670,5670,4
5671,5671,4
5672,5672,4
5673,5673,4
5674,5674,4
5675,5675,4
5676,5676,4
5677,5677,4
5678,5678,4
5679,5679,4
5680,5680,4
5681,5681,4
5682,5682,4
5683,5683,4
5684,5684,4
5685,5685,4
5686,5686,4
5687,5687,4
5688,5688,4
5689,5689,4
5690,5690,4
5691,5691,4
5692,5692,4
5693,5693,4
5694,5694,4
5695,5695,4
5696,5696,4
5697,5697,4
5698,5698,4
5699,5699,4
5700,5700,4
5701,5701,4
5702,5702,4
5703,5703,4
5704,5704,4
5705,5705,4
5706,5706,4
5707,5707,4
5708,5708,4
5709,5709,4
5710,5710,4
5711,5711,4
5712,5712,4
5713,5713,4
5714,5714,4
5715,5715,4
5716,5716,4
5717,5717,4
5718,5718,4
5719,5719,4
5720,5720,4
5721,5721,4
5722,5722,4
5723,5723,4
5724,5724,4
5725,5725,4
5726,5726,4
5727,5727,4
5728,5728,4
5729,5729,4
5730,5730,4
5731,5731,4
5732,5732,4
5733,5733,4
5734,5734,4
5735,5735,4
5736,5736,4
5737,5737,4
5738,5738,4
5739,5739,4
5740,5740,4
5741,5741,4
5742,5742,4
5743,5743,4
5744,5744,4
5745,5745,4
5746,5746,4
5747,5747,4
5748,5748,4
5749,5749,4
5750,5750,4
5751,5751,4
5752,5752,4
5753,5753,4
5754,5754,4
5755,5755,4
5756,5756,4
5757,5757,4
5758,5758,4
5759,5759,4
5760,5760,4
5761,5761,4
5762,5762,4
5763,5763,4
5764,5764,4
5765,5765,4
5766,5766,4
5767,5767,4
5768,5768,4
5769,5769,4
5770,5770,4
5771,5771,4
5772,5772,4
5773,5773,4
5774,5774,4
5775,5775,4
5776,5776,4
5777,5777,4
5778,5778,4
5779,5779,4
5780,5780,4
5781,5781,4
5782,5782,4
5783,5783,4
5784,5784,4
5785,5785,4
5786,5786,4
5787,5787,4
5788,5788,4
5789,5789,4
5790,5790,4
5791,5791,4
5792,5792,4
5793,5793,4
5794,5794,4
5795,5795,4
5796,5796,4
5797,5797,4
5798,5798,4
5799,5799,4
5800,5800,4
5801,5801,4
5802,5802,4
5803,5803,4
5804,5804,4
5805,5805,4
5806,5806,4
5807,5807,4
5808,5808,4
5809,5809,4
5810,5810,4
5811,5811,4
5812,5812,4
5813,5813,4
5814,5814,4
5815,5815,4
5816,5816,4
5817,5817,4
5818,5818,4
5819,5819,4
5820,5820,4
5821,5821,4
5822,5822,4
5823,5823,4
5824,5824,4
5825,5825,4
5826,5826,4
5827,5827,4
5828,5828,4
5829,5829,4
5830,5830,4
5831,5831,4
5832,5832,4
5833,5833,4
5834,5834,4
5835,5835,4
5836,5836,4
5837,5837,4
5838,5838,4
5839,5839,4
5840,5840,4
5841,5841,4
5842,5842,4
5843,5843,4
5844,5844,4
5845,5845,4
5846,5846,4
5847,5847,4
5848,5848,4
5849,5849,4
5850,5850,4
5851,5851,4
5852,5852,4
5853,5853,4
5854,5854,4
5855,5855,4
5856,5856,4
5857,5857,4
5858,5858,4
5859,5859,4
5860,5860,4
5861,5861,4
5862,5862,4
5863,5863,4
5864,5864,4
5865,5865,4
5866,5866,4
5867,5867,4
5868,5868,4
5869,5869,4
5870,5870,4
5871,5871,4
5872,5872,4
5873,5873,4
5874,5874,4
5875,5875,4
5876,5876,4
5877,5877,4
5878,5878,4
5879,5879,4
5880,5880,4
5881,5881,4
5882,5882,4
5883,5883,4
5884,5884,4
5885,5885,4
5886,5886,4
5887,5887,4
5888,5888,4
5889,5889,4
5890,5890,4
5891,5891,4
5892,5892,4
5893,5893,4
5894,5894,4
5895,5895,4
5896,5896,4
5897,5897,4
5898,5898,4
5899,5899,4
5900,5900,4
5901,5901,4
5902,5902,4
5903,5903,4
5904,5904,4
5905,5905,4
5906,5906,4
5907,5907,4
5908,5908,4
5909,5909,4
5910,5910,4
